1M01,Mathematics,Geometry,Shapes,Line
1M02,Mathematics,Geometry,Shapes,Circle
1M03,Mathematics,Numbers,Natural,
1M04,Mathematics,Geometry,Shapes,Quadrilateral
1M05,Mathematics,Geometry,Shapes,Triangle
1M06,Mathematics,Numbers,Sets,
1M07,Mathematics,Arithmetic,Addition & Subtraction,
1M08,Mathematics,Arithmetic,Addition & Subtraction,
1M09,Mathematics,Numbers,Natural,
1M10,Mathematics,Arithmetic,Addition & Subtraction,
1M11,Mathematics,Numbers,Natural,
1M12,Mathematics,Numbers,Natural,
1M13,Mathematics,Arithmetic,Addition & Subtraction,
1M14,Mathematics,Arithmetic,Addition & Subtraction,
1M15,Mathematics,Numbers,Natural,
1M16,Mathematics,Arithmetic,Other Arithmetic,
1M17,Mathematics,Arithmetic,Ordinal,
1M18,Mathematics,Arithmetic,Natural,
1M19,Mathematics,Arithmetic,Addition & Subtraction,
1M20,Mathematics,Measurement,Date & Time,
1M21,Mathematics,Measurement,Date & Time,
1M22,Mathematics,Arithmetic,Natural,
1M23,Mathematics,Arithmetic,Natural,
1M24,Mathematics,Arithmetic,Natural,
1M25,Mathematics,Measurement,Currency,
1M26,Mathematics,Arithmetic,Addition & Subtraction,
1M27,Mathematics,Measurement,Currency,
1M28,Mathematics,Numbers,Significance,
1M29,Mathematics,Arithmetic,Other Arithmetic,
1M30,Mathematics,Arithmetic,Other Arithmetic,
1M31,Mathematics,Numbers,Significance,
1M32,Mathematics,Measurement,Other Measurement,
1M33,Mathematics,Arithmetic,Addition & Subtraction,
1M34,Mathematics,Arithmetic,Addition & Subtraction,
1M35,Mathematics,Arithmetic,Addition & Subtraction,
1M36,Mathematics,Measurement,Volume,
1M37,Mathematics,Arithmetic,Fractions,
1M38,Mathematics,Measurement,Weight,
1M39,Mathematics,Arithmetic,Multiplication & Division,
1M40,Mathematics,Arithmetic,Multiplication & Division,
1M41,Mathematics,Arithmetic,Multiplication & Division,
1M42,Mathematics,Arithmetic,Multiplication & Division,
1M43,Mathematics,Other Mathematics,Graphs,
1M44,Mathematics,Arithmetic,Multiplication & Division,
1M45,Mathematics,Measurement,Date & Time,
1M46,Mathematics,Numbers,Other Numbers,
2M01,Mathematics,Geometry,Shapes,
2M02,Mathematics,Geometry,Shapes,Solids
2M03,Mathematics,Numbers,Natural,
2M04,Mathematics,Numbers,Other Numbers,
2M05,Mathematics,Numbers,Significance,
2M06,Mathematics,Numbers,Significance,
2M07,Mathematics,Numbers,Significance,
2M08,Mathematics,Numbers,Other Numbers,
2M09,Mathematics,Numbers,Sets,
2M10,Mathematics,Arithmetic,Addition & Subtraction,
2M11,Mathematics,Arithmetic,Addition & Subtraction,
2M12,Mathematics,Measurement,Length,
2M13,Mathematics,Arithmetic,Multiplication & Division,
2M14,Mathematics,Arithmetic,Multiplication & Division,
2M15,Mathematics,Arithmetic,Multiplication & Division,
2M16,Mathematics,Arithmetic,Multiplication & Division,
2M17,Mathematics,Other Mathematics,Graphs,
2M18,Mathematics,Arithmetic,Fractions,
2M19,Mathematics,Measurement,Date & Time,
2M20,Mathematics,Measurement,Currency,
2M21,Mathematics,Measurement,Volume,
2M22,Mathematics,Measurement,Area,
2M23,Mathematics,Measurement,Weight,
2M24,Mathematics,Algebra,,
3M01,Mathematics,Geometry,Shapes,Line
3M02,Mathematics,Geometry,Shapes,Angle
3M03,Mathematics,Geometry,Shapes,Triangle
3M04,Mathematics,Geometry,Shapes,Quadrilateral
3M05,Mathematics,Numbers,Natural,
3M06,Mathematics,Numbers,Natural,
3M07,Mathematics,Arithmetic,Addition & Subtraction,
3M08,Mathematics,Arithmetic,Addition & Subtraction,
3M09,Mathematics,Numbers,Natural,
3M10,Mathematics,Arithmetic,Rounding,
3M11,Mathematics,Arithmetic,Other Arithmetic,
3M12,Mathematics,Arithmetic,Multiplication & Division,
3M13,Mathematics,Arithmetic,Multiplication & Division,
3M14,Mathematics,Numbers,Other Numbers,
3M15,Mathematics,Measurement,Date & Time,
3M16,Mathematics,Measurement,Currency,
3M17,Mathematics,Measurement,Length,
3M18,Mathematics,Measurement,Area,
3M19,Mathematics,Measurement,Volume,
3M20,Mathematics,Measurement,Volume,
3M21,Mathematics,Measurement,Weight,
3M22,Mathematics,Arithmetic,Fractions,
3M23,Mathematics,Numbers,Decimals,
3M24,Mathematics,Arithmetic,Unitary Method,
3M25,Mathematics,Other Mathematics,Graphs,
3M26,Mathematics,Measurement,Length,
3M27,Mathematics,Numbers,Sets,
3M28,Mathematics,Arithmetic,Multiplication & Division,
3M29,Mathematics,Algebra,,
4M01.01,Mathematics,Geometry,Shapes,Solids
4M01.02,Mathematics,Geometry,Shapes,Solids
4M01.03,Mathematics,Geometry,Shapes,Angle
4M01.04,Mathematics,Geometry,Shapes,Angle
4M01.05,Mathematics,Geometry,Shapes,Angle
4M01.06,Mathematics,Geometry,Shapes,Angle
4M02.01,Mathematics,Numbers,Natural,
4M02.02,Mathematics,Numbers,Natural,
4M02.03,Mathematics,Arithmetic,Rounding,
4M02.04,Mathematics,Numbers,Prime,
4M02.05,Mathematics,Numbers,Prime,
4M03.01,Mathematics,Arithmetic,Addition & Subtraction,
4M03.02,Mathematics,Arithmetic,Addition & Subtraction,
4M03.03,Mathematics,Arithmetic,Multiplication & Division,
4M03.04,Mathematics,Arithmetic,Multiplication & Division,
4M03.05,Mathematics,Arithmetic,Multiplication & Division,
4M03.06,Mathematics,Arithmetic,Multiplication & Division,
4M03.07,Mathematics,Arithmetic,Simplification,
4M04.01,Mathematics,Arithmetic,Fractions,
4M04.02,Mathematics,Arithmetic,Decimals,
4M04.03,Mathematics,Arithmetic,Percent,
4M04.04,Mathematics,Arithmetic,Unitary Method,
4M05.01,Mathematics,Measurement,Date & Time,
4M05.02,Mathematics,Measurement,Currency,
4M05.03,Mathematics,Measurement,Length,
4M05.04,Mathematics,Measurement,Perimeter,
4M05.05,Mathematics,Measurement,Area,
4M05.06,Mathematics,Measurement,Volume,
4M05.07,Mathematics,Measurement,Volume,
4M05.08,Mathematics,Measurement,Weight,
4M06.01,Mathematics,Arithmetic,Unitary Method,
4M07.01,Mathematics,Other Mathematics,Graphs,
4M07.02,Mathematics,Measurement,Temperature,
4M07.03,Mathematics,Geometry,Coordinate Grids,
4M08.01,Mathematics,Numbers,Sets,
4M08.02,Mathematics,Numbers,Sets,
4M09.01,Mathematics,Algebra,Variable,
4M09.02,Mathematics,Algebra,Terms,
4M09.03,Mathematics,Algebra,Terms,
4M09.04,Mathematics,Algebra,Equations,
5M01,Mathematics,Geometry,,
5M02,Mathematics,Numbers,,
5M03,Mathematics,Arithmetic,,
5M04,Mathematics,Measurement,Date & Time,
5M05,Mathematics,Measurement,Currency,
5M06,Mathematics,Measurement,Length,
5M07,Mathematics,Measurement,Perimeter,
5M08,Mathematics,Measurement,Area,
5M09,Mathematics,Measurement,Volume,
5M10,Mathematics,Measurement,Volume,
5M11,Mathematics,Measurement,Weight,
5M12,Mathematics,Arithmetic,Fractions,
5M13,Mathematics,Arithmetic,Percent,
5M14,Mathematics,Arithmetic,Unitary Method,
5M15,Social Studies,Community,Everyday Life,Budget
5M16,Mathematics,Applied Mathematics,Statistics,
5M17,Mathematics,Numbers,Sets,
5M18,Mathematics,Algebra,,
6M01.01,Mathematics,Numbers,Sets,
6M01.02,Mathematics,Numbers,Sets,
6M01.03,Mathematics,Numbers,Sets,
6M01.04,Mathematics,Numbers,Sets,
6M01.05,Mathematics,Numbers,Sets,
6M02.01,Mathematics,Numbers,Natural,
6M02.02,Mathematics,Numbers,Other Numbers,
6M02.03,Mathematics,Numbers,Significance,
6M02.04,Mathematics,Arithmetic,Simplification,
6M02.05,Mathematics,Arithmetic,Multiplication & Division,
6M02.06,Mathematics,Arithmetic,Multiplication & Division,
6M02.07,Mathematics,Numbers,Prime,
6M02.08,Mathematics,Numbers,Prime,
6M02.09,Mathematics,Arithmetic,Factors & Multiples,
6M02.10,Mathematics,Numbers,Other Numbers,
6M02.11,Mathematics,Arithmetic,Squares & Roots,
6M03.01,Mathematics,Numbers,Other Numbers,
6M04.01,Mathematics,Arithmetic,Fractions,
6M04.02,Mathematics,Arithmetic,Fractions,
6M04.03,Mathematics,Arithmetic,Fractions,
6M04.04,Mathematics,Arithmetic,Fractions,
6M04.05,Mathematics,Arithmetic,Fractions,
6M04.06,Mathematics,Arithmetic,Decimals,
6M04.07,Mathematics,Arithmetic,Decimals,
6M04.08,Mathematics,Arithmetic,Decimals,
6M04.09,Mathematics,Arithmetic,Rounding,
6M05.01,Mathematics,Measurement,,
6M05.02,Mathematics,Measurement,Currency,
6M06.01,Mathematics,Arithmetic,Fractions,
6M06.02,Mathematics,Arithmetic,Rates & Ratios,
6M07.01,Social Studies,Economy,Business,Economics
6M07.02,Social Studies,Economy,Business,Economics
6M08.01,Mathematics,Arithmetic,Unitary Method,
6M08.02,Mathematics,Arithmetic,Unitary Method,
6M09.01,Social Studies,Economy,Finance,Interest
6M10.01,Mathematics,Applied Mathematics,Statistics,
6M10.02,Mathematics,Other Mathematics,Graphs,
6M11.01,Mathematics,Algebra,Variable,
6M11.02,Mathematics,Algebra,Terms,
6M11.03,Mathematics,Algebra,Terms,
6M11.04,Mathematics,Algebra,Other Algebra,
6M11.05,Mathematics,Algebra,Other Algebra,
6M11.06,Mathematics,Algebra,Other Algebra,
6M12.01,Mathematics,Algebra,Equations,
6M12.02,Mathematics,Algebra,Equations,
6M12.03,Mathematics,Algebra,Equations,
6M12.04,Mathematics,Algebra,Equations,
6M12.05,Mathematics,Applied Mathematics,Boolean Logic,
6M12.06,Mathematics,Geometry,Coordinate Grids,
6M13.01,Mathematics,Measurement,Length,
6M13.02,Mathematics,Geometry,Shapes,Line
6M13.03,Mathematics,Geometry,Shapes,Line
6M14.01,Mathematics,Geometry,Shapes,Angle
6M14.02,Mathematics,Geometry,Shapes,Angle
6M14.03,Mathematics,Geometry,Shapes,Angle
6M15.01,Mathematics,Geometry,Shapes,Triangle
6M15.02,Mathematics,Geometry,Shapes,
6M16.01,Mathematics,Geometry,Shapes,Solids
6M17.01,Mathematics,Measurement,Perimeter,
6M17.02,Mathematics,Measurement,Area,
6M17.03,Mathematics,Measurement,Volume,
6M18.01,Mathematics,Geometry,Shapes,
6M18.02,Mathematics,Geometry,Shapes,
7M01.01,Mathematics,Numbers,Sets,
7M01.02,Mathematics,Numbers,Sets,
7M01.03,Mathematics,Numbers,Sets,
7M01.04,Mathematics,Numbers,Sets,Venn Diagram
7M01.05,Mathematics,Numbers,Sets,
7M01.06,Mathematics,Numbers,Sets,
7M02.01,Mathematics,Numbers,Natural,
7M02.02,Mathematics,Arithmetic,Squares & Roots,
7M02.03,Mathematics,Arithmetic,Squares & Roots,
7M02.04,Mathematics,Arithmetic,Factors & Multiples,
7M02.05,Mathematics,Arithmetic,Factors & Multiples,
7M02.06,Mathematics,Numbers,Other Numbers,
7M02.07,Mathematics,Numbers,Other Numbers,
7M02.08,Mathematics,Arithmetic,Other Arithmetic,
7M02.09,Mathematics,Numbers,Natural,
7M02.10,Mathematics,Arithmetic,Addition & Subtraction,
7M02.11,Mathematics,Arithmetic,Multiplication & Division,
7M02.12,Mathematics,Arithmetic,Simplification,
7M03.01,Mathematics,Numbers,Other Numbers,
7M03.02,Mathematics,Numbers,Other Numbers,
7M04.01,Mathematics,Numbers,Decimals,
7M04.02,Mathematics,Numbers,Decimals,
7M04.03,Mathematics,Numbers,Decimals,
7M04.04,Mathematics,Numbers,Decimals,
7M05.01,Mathematics,Arithmetic,Percent,
7M05.02,Mathematics,Arithmetic,Rates & Ratios,
7M05.03,Social Studies,Economy,Business,Economics
7M05.04,Social Studies,Economy,Finance,Interest
7M06.01,Mathematics,Arithmetic,Unitary Method,
7M06.02,Mathematics,Arithmetic,Unitary Method,
7M07.01,Mathematics,Other Mathematics,Graphs,
7M07.02,Mathematics,Arithmetic,Other Arithmetic,
7M08.01,Mathematics,Arithmetic,Exponents,
7M08.02,Mathematics,Arithmetic,Exponents,
7M08.03,Mathematics,Algebra,,
7M08.04,Mathematics,Algebra,,
7M08.05,Mathematics,Algebra,,
7M08.06,Mathematics,Arithmetic,Simplification,
7M09.01,Mathematics,Applied Mathematics,Boolean Logic,
7M09.02,Mathematics,Algebra,Equations,
7M09.03,Mathematics,Applied Mathematics,Boolean Logic,
7M10.01,Mathematics,Geometry,Coordinate Grids,
7M10.02,Mathematics,Geometry,Coordinate Grids,
7M10.03,Mathematics,Algebra,Equations,
7M11.01,Mathematics,Geometry,Shapes,Angle
7M11.02,Mathematics,Geometry,Construction,
7M11.03,Mathematics,Geometry,Construction,
7M11.04,Mathematics,Measurement,Area,
7M11.05,Mathematics,Measurement,Area,
7M11.06,Mathematics,Measurement,Other Measurement,
7M11.07,Mathematics,Geometry,Shapes,Circle
7M11.08,Mathematics,Geometry,Shapes,
7M11.09,Mathematics,Geometry,Shapes,Symmetry
7M11.10,Mathematics,Geometry,Other Geometry,Polar Coordinates
7M12.01,Mathematics,,,
7M12.02,Mathematics,,,
7M12.03,Mathematics,,,
7M12.04,Mathematics,,,
7M12.05,Mathematics,,,
7M13.01,Mathematics,,,
7M13.02,Mathematics,,,
7M13.03,Mathematics,,,
7M14.01,Mathematics,,,
7M15.01,Mathematics,,,
7M16.01,Mathematics,,,
7M16.02,Mathematics,,,
7M17.01,Mathematics,,,
7M17.02,Mathematics,,,
7M18.01,Mathematics,,,
7M19.01,Mathematics,,,
7M20.01,Mathematics,,,
7M21.01,Mathematics,,,
7M21.02,Mathematics,,,
7M21.03,Mathematics,,,
7M21.04,Mathematics,,,
7M22.01,Mathematics,,,
7M22.02,Mathematics,,,
7M22.03,Mathematics,,,
7M22.04,Mathematics,,,
7M23.01,Mathematics,,,
7M24.01,Mathematics,,,
7M24.02,Mathematics,,,
7M24.03,Mathematics,,,
7M24.04,Mathematics,,,
8M01,Mathematics,Numbers,Sets,
8M02,Mathematics,Numbers,Natural,
8M03,Mathematics,Arithmetic,Squares & Roots,
8M04,Mathematics,Arithmetic,Simplification,
8M05,Mathematics,Numbers,Other Numbers,
8M06,Mathematics,Arithmetic,Rates & Ratios,
8M07,Social Studies,Economy,Business,Economics
8M08,Mathematics,Arithmetic,Unitary Method,
8M09,Social Studies,Economy,Finance,Interest
8M10,Mathematics,Applied Mathematics,Statistics,
8M11,Mathematics,Algebra,Terms,
8M12,Mathematics,Algebra,Equations,
8M13,Mathematics,Geometry,Shapes,Angle
8M14,Mathematics,Geometry,Shapes,Triangle
8M15,Mathematics,Geometry,Shapes,Symmetry
8M16,Mathematics,Geometry,Shapes,Symmetry
8M17,Mathematics,Geometry,Shapes,Solids
8M18,Mathematics,Measurement,Perimeter,
8M19,Mathematics,Geometry,Shapes,Circle
8M20,Mathematics,Geometry,Other Geometry,
8M21,Mathematics,Geometry,Other Geometry,Polar Coordinates
8M22,Mathematics,,,