ndn	ch_id	cl_lo	cl_hi	lang	key1	key2	key3	key4	fn	ft	fp	src
कक्षा ४ सुनाइ पाठ १	4N01	4	4	np	Language	Nepali	Contexts	Other	कक्षा_४_सुनाइ_पाठ_१.mp3	audio	../content/audio/Nepali LIstening Files/Grade 4 Listening Texts/	CEHRD
कक्षा ४ सुनाइ पाठ २	4N02	4	4	np	Language	Nepali	Contexts	Describing	कक्षा_४_सुनाइ_पाठ_२.mp3	audio	../content/audio/Nepali LIstening Files/Grade 4 Listening Texts/	CEHRD
कक्षा ४ सुनाइ पाठ ३	4N03	4	4	np	Language	Nepali	Contexts	Describing	कक्षा_४_सुनाइ_पाठ_३.mp3	audio	../content/audio/Nepali LIstening Files/Grade 4 Listening Texts/	CEHRD
कक्षा ४ सुनाइ पाठ ४	4N04	4	4	np	Language	Nepali	Contexts	Greeting	कक्षा_४_सुनाइ_पाठ_४.mp3	audio	../content/audio/Nepali LIstening Files/Grade 4 Listening Texts/	CEHRD
कक्षा ४ सुनाइ पाठ ५	4N05	4	4	np	Language	Nepali	Contexts	Activities	कक्षा_४_सुनाइ_पाठ_५.mp3	audio	../content/audio/Nepali LIstening Files/Grade 4 Listening Texts/	CEHRD
कक्षा ४ सुनाइ पाठ ६	4N06	4	4	np	Language	Nepali	Contexts	Suggestions	कक्षा_४_सुनाइ_पाठ_६.mp3	audio	../content/audio/Nepali LIstening Files/Grade 4 Listening Texts/	CEHRD
कक्षा ४ सुनाइ पाठ ७	4N07	4	4	np	Language	Nepali	Contexts	People	कक्षा_४_सुनाइ_पाठ_७.mp3	audio	../content/audio/Nepali LIstening Files/Grade 4 Listening Texts/	CEHRD
कक्षा ४ सुनाइ पाठ ८	4N08	4	4	np	Language	Nepali	Contexts	Activities	कक्षा_४_सुनाइ_पाठ_८.mp3	audio	../content/audio/Nepali LIstening Files/Grade 4 Listening Texts/	CEHRD
कक्षा ४ सुनाइ पाठ ९	4N09	4	4	np	Language	Nepali	Contexts	Review	कक्षा_४_सुनाइ_पाठ_९.mp3	audio	../content/audio/Nepali LIstening Files/Grade 4 Listening Texts/	CEHRD
कक्षा ४ सुनाइ पाठ १०	4N10	4	4	np	Language	Nepali	Contexts	Locations	कक्षा_४_सुनाइ_पाठ_१०.mp3	audio	../content/audio/Nepali LIstening Files/Grade 4 Listening Texts/	CEHRD
कक्षा ४ सुनाइ पाठ ११	4N11	4	4	np	Language	Nepali	Contexts	Locations	कक्षा_४_सुनाइ_पाठ_११.mp3	audio	../content/audio/Nepali LIstening Files/Grade 4 Listening Texts/	CEHRD
कक्षा ४ सुनाइ पाठ १२	4N12	4	4	np	Language	Nepali	Contexts	Other	कक्षा_४_सुनाइ_पाठ_१२.mp3	audio	../content/audio/Nepali LIstening Files/Grade 4 Listening Texts/	CEHRD
कक्षा ४ सुनाइ पाठ १३	4N13	4	4	np	Language	Nepali	Contexts	Locations	कक्षा_४_सुनाइ_पाठ_१३.mp3	audio	../content/audio/Nepali LIstening Files/Grade 4 Listening Texts/	CEHRD
कक्षा ४ सुनाइ पाठ १४	4N14	4	4	np	Language	Nepali	Contexts	Other	कक्षा_४_सुनाइ_पाठ_१४.mp3	audio	../content/audio/Nepali LIstening Files/Grade 4 Listening Texts/	CEHRD
कक्षा ४ सुनाइ पाठ १५	4N15	4	4	np	Language	Nepali	Contexts	People	कक्षा_४_सुनाइ_पाठ_१५.mp3	audio	../content/audio/Nepali LIstening Files/Grade 4 Listening Texts/	CEHRD
कक्षा ५ सुनाइ पाठ १	5N01	5	5	np	Social Studies	Geography	Asia	Nepal	कक्षा_५_सुनाइ_पाठ_१.mp3	audio	../content/audio/Nepali LIstening Files/Grade 5 Listening Texts/	CEHRD
कक्षा ५ सुनाइ पाठ २	5N02	5	5	np	Language	Nepali	Contexts	Narration	कक्षा_५_सुनाइ_पाठ_२.mp3	audio	../content/audio/Nepali LIstening Files/Grade 5 Listening Texts/	CEHRD
कक्षा ५ सुनाइ पाठ ३	5N03	5	5	np	Language	Nepali	Contexts	Possessions	कक्षा_५_सुनाइ_पाठ_३.mp3	audio	../content/audio/Nepali LIstening Files/Grade 5 Listening Texts/	CEHRD
कक्षा ५ सुनाइ पाठ ४	5N04	5	5	np	Language	Nepali	Contexts	Conversation	कक्षा_५_सुनाइ_पाठ_४.mp3	audio	../content/audio/Nepali LIstening Files/Grade 5 Listening Texts/	CEHRD
कक्षा ५ सुनाइ पाठ ५	5N05	5	5	np	Language	Nepali	Contexts	People	कक्षा_५_सुनाइ_पाठ_५.mp3	audio	../content/audio/Nepali LIstening Files/Grade 5 Listening Texts/	CEHRD
कक्षा ५ सुनाइ पाठ ६	5N06	5	5	np	Language	Nepali	Contexts	Narration	कक्षा_५_सुनाइ_पाठ_६.mp3	audio	../content/audio/Nepali LIstening Files/Grade 5 Listening Texts/	CEHRD
कक्षा ५ सुनाइ पाठ ७	5N07	5	5	np	Language	Nepali	Contexts	Conversation	कक्षा_५_सुनाइ_पाठ_७.mp3	audio	../content/audio/Nepali LIstening Files/Grade 5 Listening Texts/	CEHRD
कक्षा ५ सुनाइ पाठ ८	5N08	5	5	np	Social Studies	Community	Everyday Life	Food	कक्षा_५_सुनाइ_पाठ_८.mp3	audio	../content/audio/Nepali LIstening Files/Grade 5 Listening Texts/	CEHRD
कक्षा ५ सुनाइ पाठ ९	5N09	5	5	np	Science	Medicine	Healthy Living	Healthcare	कक्षा_५_सुनाइ_पाठ_९.mp3	audio	../content/audio/Nepali LIstening Files/Grade 5 Listening Texts/	CEHRD
कक्षा ५ सुनाइ पाठ १०	5N10	5	5	np	Social Studies	Community	Everyday Life	Celebrations	कक्षा_५_सुनाइ_पाठ_१०.mp3	audio	../content/audio/Nepali LIstening Files/Grade 5 Listening Texts/	CEHRD
कक्षा ५ सुनाइ पाठ ११	5N11	5	5	np	Language	Nepali	Contexts	Conversation	कक्षा_५_सुनाइ_पाठ_११.mp3	audio	../content/audio/Nepali LIstening Files/Grade 5 Listening Texts/	CEHRD
कक्षा ५ सुनाइ पाठ १२	5N12	5	5	np	Language	Nepali	Contexts	Identity	कक्षा_५_सुनाइ_पाठ_१२.mp3	audio	../content/audio/Nepali LIstening Files/Grade 5 Listening Texts/	CEHRD
कक्षा ५ सुनाइ पाठ १३	5N13	5	5	np	Language	Nepali	Contexts	Describing	कक्षा_५_सुनाइ_पाठ_१३.mp3	audio	../content/audio/Nepali LIstening Files/Grade 5 Listening Texts/	CEHRD
कक्षा ५ सुनाइ पाठ १४	5N14	5	5	np	Language	Nepali	Contexts	Describing	कक्षा_५_सुनाइ_पाठ_१४.mp3	audio	../content/audio/Nepali LIstening Files/Grade 5 Listening Texts/	CEHRD
कक्षा ५ सुनाइ पाठ १५	5N15	5	5	np	Language	Nepali	Contexts	Narration	कक्षा_५_सुनाइ_पाठ_१५.mp3	audio	../content/audio/Nepali LIstening Files/Grade 5 Listening Texts/	CEHRD
कक्षा ६ सुनाइ पाठ १	6N01	6	6	np	Language	Nepali	Song		कक्षा_६_सुनाइ_पाठ_१.mp3	audio	../content/audio/Nepali LIstening Files/Grade 6 Listening Texts/	CEHRD
कक्षा ६ सुनाइ पाठ २	6N02	6	6	np	Language	Nepali	Contexts	Narration	कक्षा_६_सुनाइ_पाठ_२.mp3	audio	../content/audio/Nepali LIstening Files/Grade 6 Listening Texts/	CEHRD
कक्षा ६ सुनाइ पाठ ३	6N03	6	6	np	Language	Nepali	Contexts	Possessions	कक्षा_६_सुनाइ_पाठ_३.mp3	audio	../content/audio/Nepali LIstening Files/Grade 6 Listening Texts/	CEHRD
कक्षा ६ सुनाइ पाठ ४	6N04	6	6	np	Language	Nepali	Contexts	Conversation	कक्षा_६_सुनाइ_पाठ_४.mp3	audio	../content/audio/Nepali LIstening Files/Grade 6 Listening Texts/	CEHRD
कक्षा ६ सुनाइ पाठ ५	6N05	6	6	np	Language	Nepali	Contexts	Narration	कक्षा_६_सुनाइ_पाठ_५.mp3	audio	../content/audio/Nepali LIstening Files/Grade 6 Listening Texts/	CEHRD
कक्षा ६ सुनाइ पाठ ६	6N06	6	6	np	Language	Nepali	Textbooks		कक्षा_६_सुनाइ_पाठ_६.mp3	audio	../content/audio/Nepali LIstening Files/Grade 6 Listening Texts/	CEHRD
कक्षा ६ सुनाइ पाठ ७	6N07	6	6	np	Language	Nepali	Contexts	Comparing	कक्षा_६_सुनाइ_पाठ_७.mp3	audio	../content/audio/Nepali LIstening Files/Grade 6 Listening Texts/	CEHRD
कक्षा ६ सुनाइ पाठ ८	6N08	6	6	np	Language	Nepali	Contexts	Describing	कक्षा_६_सुनाइ_पाठ_८.mp3	audio	../content/audio/Nepali LIstening Files/Grade 6 Listening Texts/	CEHRD
कक्षा ६ सुनाइ पाठ ९	6N09	6	6	np	Language	Nepali	Song		कक्षा_६_सुनाइ_पाठ_९.mp3	audio	../content/audio/Nepali LIstening Files/Grade 6 Listening Texts/	CEHRD
कक्षा ६ सुनाइ पाठ १०	6N10	6	6	np	Language	Nepali	Textbooks		कक्षा_६_सुनाइ_पाठ_१०.mp3	audio	../content/audio/Nepali LIstening Files/Grade 6 Listening Texts/	CEHRD
कक्षा ६ सुनाइ पाठ ११	6N11	6	6	np	Language	Nepali	Contexts	Identity	कक्षा_६_सुनाइ_पाठ_११.mp3	audio	../content/audio/Nepali LIstening Files/Grade 6 Listening Texts/	CEHRD
कक्षा ६ सुनाइ पाठ १२	6N12	6	6	np	Language	Nepali	Contexts	Narration	कक्षा_६_सुनाइ_पाठ_१२.mp3	audio	../content/audio/Nepali LIstening Files/Grade 6 Listening Texts/	CEHRD
कक्षा ६ सुनाइ पाठ १३	6N13	6	6	np	Language	Nepali	Song		कक्षा_६_सुनाइ_पाठ_१३.mp3	audio	../content/audio/Nepali LIstening Files/Grade 6 Listening Texts/	CEHRD
कक्षा ६ सुनाइ पाठ १४	6N14	6	6	np	Language	Nepali	Contexts	Conversation	कक्षा_६_सुनाइ_पाठ_१४.mp3	audio	../content/audio/Nepali LIstening Files/Grade 6 Listening Texts/	CEHRD
कक्षा ६ सुनाइ पाठ १५	6N15	6	6	np	Language	Nepali	Textbooks		कक्षा_६_सुनाइ_पाठ_१५.mp3	audio	../content/audio/Nepali LIstening Files/Grade 6 Listening Texts/	CEHRD
कक्षा ६ सुनाइ पाठ १६	6N16	6	6	np	Language	Nepali	Textbooks		कक्षा_६_सुनाइ_पाठ_१६.mp3	audio	../content/audio/Nepali LIstening Files/Grade 6 Listening Texts/	CEHRD
कक्षा ७ सुनाइ पाठ १	7N01	7	7	np	Social Studies	Geography	Asia	Nepal	कक्षा_७_सुनाइ_पाठ_१.mp3	audio	../content/audio/Nepali LIstening Files/Grade 7 Listening Texts/	CEHRD
कक्षा ७ सुनाइ पाठ २	7N02	7	7	np	Social Studies	Beliefs	Other Beliefs	Humanisim	कक्षा_७_सुनाइ_पाठ_२.mp3	audio	../content/audio/Nepali LIstening Files/Grade 7 Listening Texts/	CEHRD
कक्षा ७ सुनाइ पाठ ३	7N03	7	7	np	Social Studies	Economy	Occupations	Other Occupations	कक्षा_७_सुनाइ_पाठ_३.mp3	audio	../content/audio/Nepali LIstening Files/Grade 7 Listening Texts/	CEHRD
कक्षा ७ सुनाइ पाठ ४	7N04	7	7	np	Social Studies	History	People	Other People	कक्षा_७_सुनाइ_पाठ_४.mp3	audio	../content/audio/Nepali LIstening Files/Grade 7 Listening Texts/	CEHRD
कक्षा ७ सुनाइ पाठ ५	7N05	7	7	np	Social Studies	Community	Sports	Exercise	कक्षा_७_सुनाइ_पाठ_५.mp3	audio	../content/audio/Nepali LIstening Files/Grade 7 Listening Texts/	CEHRD
कक्षा ७ सुनाइ पाठ ६	7N06	7	7	np	Nepali	Contexts	Other		कक्षा_७_सुनाइ_पाठ_६.mp3	audio	../content/audio/Nepali LIstening Files/Grade 7 Listening Texts/	CEHRD
कक्षा ७ सुनाइ पाठ ७	7N07	7	7	np	Social Studies	Beliefs	Other Beliefs	Humanism	कक्षा_७_सुनाइ_पाठ_७.mp3	audio	../content/audio/Nepali LIstening Files/Grade 7 Listening Texts/	CEHRD
कक्षा ७ सुनाइ पाठ ८	7N08	7	7	np	Nepali	Contexts	People		कक्षा_७_सुनाइ_पाठ_८.mp3	audio	../content/audio/Nepali LIstening Files/Grade 7 Listening Texts/	CEHRD
कक्षा ७ सुनाइ पाठ ९	7N09	7	7	np	Nepali	Contexts	People		कक्षा_७_सुनाइ_पाठ_९.mp3	audio	../content/audio/Nepali LIstening Files/Grade 7 Listening Texts/	CEHRD
कक्षा ७ सुनाइ पाठ १०	7N10	7	7	np	Social Studies	Community	Anthropology	Ethics	कक्षा_७_सुनाइ_पाठ_१०.mp3	audio	../content/audio/Nepali LIstening Files/Grade 7 Listening Texts/	CEHRD
कक्षा ७ सुनाइ पाठ ११	7N11	7	7	np	Nepali	Contexts	Ability		कक्षा_७_सुनाइ_पाठ_११.mp3	audio	../content/audio/Nepali LIstening Files/Grade 7 Listening Texts/	CEHRD
कक्षा ७ सुनाइ पाठ १२	7N12	7	7	np	Social Studies	History	People	Other People	कक्षा_७_सुनाइ_पाठ_१२.mp3	audio	../content/audio/Nepali LIstening Files/Grade 7 Listening Texts/	CEHRD
कक्षा ७ सुनाइ पाठ १३	7N13	7	7	np	Social Studies	History	Nepal	Rights & Duties	कक्षा_७_सुनाइ_पाठ_१३.mp3	audio	../content/audio/Nepali LIstening Files/Grade 7 Listening Texts/	CEHRD
कक्षा ७ सुनाइ पाठ १४	7N14	7	7	np	Nepali	Contexts	Locations		कक्षा_७_सुनाइ_पाठ_१४.mp3	audio	../content/audio/Nepali LIstening Files/Grade 7 Listening Texts/	CEHRD
कक्षा ७ सुनाइ पाठ १५	7N15	7	7	np	Science	Earth	Climate	Season	कक्षा_७_सुनाइ_पाठ_१५.mp3	audio	../content/audio/Nepali LIstening Files/Grade 7 Listening Texts/	CEHRD
कक्षा ७ सुनाइ पाठ १६	7N16	7	7	np	Social Studies	Community	Anthropology	Ethics	कक्षा_७_सुनाइ_पाठ_१६.mp3	audio	../content/audio/Nepali LIstening Files/Grade 7 Listening Texts/	CEHRD
कक्षा ७ सुनाइ पाठ १७	7N17	7	7	np	Social Studies	Community	Social Organization	Home	कक्षा_७_सुनाइ_पाठ_१७.mp3	audio	../content/audio/Nepali LIstening Files/Grade 7 Listening Texts/	CEHRD
कक्षा ८ सुनाइ पाठ १	8N01	8	8	np	Language	Nepali	Contexts	Describing	कक्षा_८_सुनाइ_पाठ_१.mp3	audio	../content/audio/Nepali LIstening Files/Grade 8 Listening Texts/	CEHRD
कक्षा ८ सुनाइ पाठ २	8N02	8	8	np	Language	Nepali	Contexts	Narration	कक्षा_८_सुनाइ_पाठ_२.mp3	audio	../content/audio/Nepali LIstening Files/Grade 8 Listening Texts/	CEHRD
कक्षा ८ सुनाइ पाठ ३	8N03	8	8	np	Language	Nepali	Contexts	People	कक्षा_८_सुनाइ_पाठ_३.mp3	audio	../content/audio/Nepali LIstening Files/Grade 8 Listening Texts/	CEHRD
कक्षा ८ सुनाइ पाठ ४	8N04	8	8	np	Language	Nepali	Contexts	Conversation	कक्षा_८_सुनाइ_पाठ_४.mp3	audio	../content/audio/Nepali LIstening Files/Grade 8 Listening Texts/	CEHRD
कक्षा ८ सुनाइ पाठ ५	8N05	8	8	np	Language	Nepali	Contexts	Identity	कक्षा_८_सुनाइ_पाठ_५.mp3	audio	../content/audio/Nepali LIstening Files/Grade 8 Listening Texts/	CEHRD
कक्षा ८ सुनाइ पाठ ६	8N06	8	8	np	Language	Nepali	Contexts	Narration	कक्षा_८_सुनाइ_पाठ_६.mp3	audio	../content/audio/Nepali LIstening Files/Grade 8 Listening Texts/	CEHRD
कक्षा ८ सुनाइ पाठ ७	8N07	8	8	np	Language	Nepali	Contexts	Conversation	कक्षा_८_सुनाइ_पाठ_७.mp3	audio	../content/audio/Nepali LIstening Files/Grade 8 Listening Texts/	CEHRD
कक्षा ८ सुनाइ पाठ ८	8N08	8	8	np	Language	Nepali	Contexts	Describing	कक्षा_८_सुनाइ_पाठ_८.mp3	audio	../content/audio/Nepali LIstening Files/Grade 8 Listening Texts/	CEHRD
कक्षा ८ सुनाइ पाठ ९	8N09	8	8	np	Language	Nepali	Contexts	Describing	कक्षा_८_सुनाइ_पाठ_९.mp3	audio	../content/audio/Nepali LIstening Files/Grade 8 Listening Texts/	CEHRD
कक्षा ८ सुनाइ पाठ १०	8N10	8	8	np	Social Studies	Community	Everyday Life	Celebrations	कक्षा_८_सुनाइ_पाठ_१०.mp3	audio	../content/audio/Nepali LIstening Files/Grade 8 Listening Texts/	CEHRD
कक्षा ८ सुनाइ पाठ ११	8N11	8	8	np	Language	Nepali	Contexts	Narration	कक्षा_८_सुनाइ_पाठ_११.mp3	audio	../content/audio/Nepali LIstening Files/Grade 8 Listening Texts/	CEHRD
कक्षा ८ सुनाइ पाठ १२	8N12	8	8	np	Language	Nepali	Contexts	People	कक्षा_८_सुनाइ_पाठ_१२.mp3	audio	../content/audio/Nepali LIstening Files/Grade 8 Listening Texts/	CEHRD
कक्षा ८ सुनाइ पाठ १३	8N13	8	8	np	Science	Earth	Other Earth	Natural Resources	कक्षा_८_सुनाइ_पाठ_१३.mp3	audio	../content/audio/Nepali LIstening Files/Grade 8 Listening Texts/	CEHRD
कक्षा ८ सुनाइ पाठ १४	8N14	8	8	np	Language	Nepali	Contexts	Describing	कक्षा_८_सुनाइ_पाठ_१४.mp3	audio	../content/audio/Nepali LIstening Files/Grade 8 Listening Texts/	CEHRD
कक्षा ८ सुनाइ पाठ १५	8N15	8	8	np	Language	Nepali	Contexts	Describing	कक्षा_८_सुनाइ_पाठ_१५.mp3	audio	../content/audio/Nepali LIstening Files/Grade 8 Listening Texts/	CEHRD
कक्षा ८ सुनाइ पाठ १६	8N16	8	8	np	Language	Nepali	Contexts	Conversation	कक्षा_८_सुनाइ_पाठ_१६.mp3	audio	../content/audio/Nepali LIstening Files/Grade 8 Listening Texts/	CEHRD
कक्षा ८ सुनाइ पाठ १७	8N17	8	8	np	Language	Nepali	Contexts	Narration	कक्षा_८_सुनाइ_पाठ_१७.mp3	audio	../content/audio/Nepali LIstening Files/Grade 8 Listening Texts/	CEHRD
कक्षा ९ सुनाइ पाठ १	9N01	9	9	np	Language	Nepali	Contexts	Song	कक्षा_९_सुनाइ_पाठ_१.mp3	audio	../content/audio/Nepali LIstening Files/Grade 9 Listening Texts/	CEHRD
कक्षा ९ सुनाइ पाठ २	9N02	9	9	np	Language	Nepali	Contexts	Narration	कक्षा_९_सुनाइ_पाठ_२.mp3	audio	../content/audio/Nepali LIstening Files/Grade 9 Listening Texts/	CEHRD
कक्षा ९ सुनाइ पाठ ३	9N03	9	9	np	Language	Nepali	Contexts	Describing	कक्षा_९_सुनाइ_पाठ_३.mp3	audio	../content/audio/Nepali LIstening Files/Grade 9 Listening Texts/	CEHRD
कक्षा ९ सुनाइ पाठ ४	9N04	9	9	np	Language	Nepali	Contexts	Narration	कक्षा_९_सुनाइ_पाठ_४.mp3	audio	../content/audio/Nepali LIstening Files/Grade 9 Listening Texts/	CEHRD
कक्षा ९ सुनाइ पाठ ५	9N05	9	9	np	Language	Nepali	Contexts	Describing	कक्षा_९_सुनाइ_पाठ_५.mp3	audio	../content/audio/Nepali LIstening Files/Grade 9 Listening Texts/	CEHRD
कक्षा ९ सुनाइ पाठ ६	9N06	9	9	np	Language	Nepali	Contexts	Conversation	कक्षा_९_सुनाइ_पाठ_६.mp3	audio	../content/audio/Nepali LIstening Files/Grade 9 Listening Texts/	CEHRD
कक्षा ९ सुनाइ पाठ ७	9N07	9	9	np	Language	Nepali	Contexts	Narration	कक्षा_९_सुनाइ_पाठ_७.mp3	audio	../content/audio/Nepali LIstening Files/Grade 9 Listening Texts/	CEHRD
कक्षा ९ सुनाइ पाठ ८	9N08	9	9	np	Language	Nepali	Contexts	Song	कक्षा_९_सुनाइ_पाठ_८.mp3	audio	../content/audio/Nepali LIstening Files/Grade 9 Listening Texts/	CEHRD
कक्षा ९ सुनाइ पाठ ९	9N09	9	9	np	Language	Nepali	Contexts	Locations	कक्षा_९_सुनाइ_पाठ_९.mp3	audio	../content/audio/Nepali LIstening Files/Grade 9 Listening Texts/	CEHRD
कक्षा ९ सुनाइ पाठ १०	9N10	9	9	np	Language	Nepali	Contexts	Ability	कक्षा_९_सुनाइ_पाठ_१०.mp3	audio	../content/audio/Nepali LIstening Files/Grade 9 Listening Texts/	CEHRD
कक्षा ९ सुनाइ पाठ ११	9N11	9	9	np	Language	Nepali	Contexts	Narration	कक्षा_९_सुनाइ_पाठ_११.mp3	audio	../content/audio/Nepali LIstening Files/Grade 9 Listening Texts/	CEHRD
कक्षा ९ सुनाइ पाठ १२	9N12	9	9	np	Language	Nepali	Contexts	Describing	कक्षा_९_सुनाइ_पाठ_१२.mp3	audio	../content/audio/Nepali LIstening Files/Grade 9 Listening Texts/	CEHRD
कक्षा ९ सुनाइ पाठ १३	9N13	9	9	np	Language	Nepali	Contexts	Narration	कक्षा_९_सुनाइ_पाठ_१३.mp3	audio	../content/audio/Nepali LIstening Files/Grade 9 Listening Texts/	CEHRD
कक्षा ९ सुनाइ पाठ १४	9N14	9	9	np	Language	Nepali	Contexts	Describing	कक्षा_९_सुनाइ_पाठ_१४.mp3	audio	../content/audio/Nepali LIstening Files/Grade 9 Listening Texts/	CEHRD
कक्षा ९ सुनाइ पाठ १५	9N15	9	9	np	Language	Nepali	Contexts	Song	कक्षा_९_सुनाइ_पाठ_१५.mp3	audio	../content/audio/Nepali LIstening Files/Grade 9 Listening Texts/	CEHRD
कक्षा ९ सुनाइ पाठ १६	9N16	9	9	np	Language	Nepali	Contexts	Narration	कक्षा_९_सुनाइ_पाठ_१६.mp3	audio	../content/audio/Nepali LIstening Files/Grade 9 Listening Texts/	CEHRD
कक्षा १० सुनाइ पाठ १	10N01	10	10	np	Language	Nepali	Contexts	Describing	कक्षा_१०_सुनाइ_पाठ_१.mp3	audio	../content/audio/Nepali LIstening Files/Grade 10 Listening Texts/	CEHRD
कक्षा १० सुनाइ पाठ २	10N02	10	10	np	Social Studies	Community	Everyday Life	Family	कक्षा_१०_सुनाइ_पाठ_२.mp3	audio	../content/audio/Nepali LIstening Files/Grade 10 Listening Texts/	CEHRD
कक्षा १० सुनाइ पाठ ३	10N03	10	10	np	Language	Nepali	Contexts	Identity	कक्षा_१०_सुनाइ_पाठ_३.mp3	audio	../content/audio/Nepali LIstening Files/Grade 10 Listening Texts/	CEHRD
कक्षा १० सुनाइ पाठ ४	10N04	10	10	np	Language	Nepali	Contexts	Caution	कक्षा_१०_सुनाइ_पाठ_४.mp3	audio	../content/audio/Nepali LIstening Files/Grade 10 Listening Texts/	CEHRD
कक्षा १० सुनाइ पाठ ५	10N05	10	10	np	Language	Nepali	Contexts	People	कक्षा_१०_सुनाइ_पाठ_५.mp3	audio	../content/audio/Nepali LIstening Files/Grade 10 Listening Texts/	CEHRD
कक्षा १० सुनाइ पाठ ६	10N06	10	10	np	Language	Nepali	Contexts	Conversation	कक्षा_१०_सुनाइ_पाठ_६.mp3	audio	../content/audio/Nepali LIstening Files/Grade 10 Listening Texts/	CEHRD
कक्षा १० सुनाइ पाठ ७	10N07	10	10	np	Language	Nepali	Contexts	Narration	कक्षा_१०_सुनाइ_पाठ_७.mp3	audio	../content/audio/Nepali LIstening Files/Grade 10 Listening Texts/	CEHRD
कक्षा १० सुनाइ पाठ ८	10N08	10	10	np	Social Studies	Geography	Asia	Nepal	कक्षा_१०_सुनाइ_पाठ_८.mp3	audio	../content/audio/Nepali LIstening Files/Grade 10 Listening Texts/	CEHRD
कक्षा १० सुनाइ पाठ ९	10N09	10	10	np	Language	Nepali	Contexts	Identity	कक्षा_१०_सुनाइ_पाठ_९.mp3	audio	../content/audio/Nepali LIstening Files/Grade 10 Listening Texts/	CEHRD
कक्षा १० सुनाइ पाठ १०	10N10	10	10	np	Language	Nepali	Contexts	Conversation	कक्षा_१०_सुनाइ_पाठ_१०.mp3	audio	../content/audio/Nepali LIstening Files/Grade 10 Listening Texts/	CEHRD
कक्षा १० सुनाइ पाठ ११	10N11	10	10	np	Language	Nepali	Contexts	Narration	कक्षा_१०_सुनाइ_पाठ_११.mp3	audio	../content/audio/Nepali LIstening Files/Grade 10 Listening Texts/	CEHRD
कक्षा १० सुनाइ पाठ १२	10N12	10	10	np	Language	Nepali	Contexts	People	कक्षा_१०_सुनाइ_पाठ_१२.mp3	audio	../content/audio/Nepali LIstening Files/Grade 10 Listening Texts/	CEHRD
कक्षा १० सुनाइ पाठ १३	10N13	10	10	np	Language	Nepali	Contexts	Identity	कक्षा_१०_सुनाइ_पाठ_१३.mp3	audio	../content/audio/Nepali LIstening Files/Grade 10 Listening Texts/	CEHRD
कक्षा १० सुनाइ पाठ १४	10N14	10	10	np	Social Studies	Community	Everyday Life	Family	कक्षा_१०_सुनाइ_पाठ_१४.mp3	audio	../content/audio/Nepali LIstening Files/Grade 10 Listening Texts/	CEHRD
कक्षा १० सुनाइ पाठ १५	10N15	10	10	np	Science	Earth	Other Earth	Natural Resources	कक्षा_१०_सुनाइ_पाठ_१५.mp3	audio	../content/audio/Nepali LIstening Files/Grade 10 Listening Texts/	CEHRD
कक्षा १० सुनाइ पाठ १६	10N16	10	10	np	Language	Nepali	Contexts	Narration	कक्षा_१०_सुनाइ_पाठ_१६.mp3	audio	../content/audio/Nepali LIstening Files/Grade 10 Listening Texts/	CEHRD
कक्षा १० सुनाइ पाठ १७	10N17	10	10	np	Language	Nepali			कक्षा_१०_सुनाइ_पाठ_१७.mp3	audio	../content/audio/Nepali LIstening Files/Grade 10 Listening Texts/	CEHRD
कक्षा ११ सुनाइ पाठ १	11N01	11	11	np	Language	Nepali	Song		कक्षा_११_सुनाइ_पाठ_१.mp3	audio	../content/audio/Nepali LIstening Files/Grade 11 Listening Texts/	CEHRD
कक्षा ११ सुनाइ पाठ २	11N02	11	11	np	Language	Nepali	Contexts	Wants	कक्षा_११_सुनाइ_पाठ_२.mp3	audio	../content/audio/Nepali LIstening Files/Grade 11 Listening Texts/	CEHRD
कक्षा ११ सुनाइ पाठ ३	11N03	11	11	np	Language	Nepali	Contexts	Identity	कक्षा_११_सुनाइ_पाठ_३.mp3	audio	../content/audio/Nepali LIstening Files/Grade 11 Listening Texts/	CEHRD
कक्षा ११ सुनाइ पाठ ४	11N04	11	11	np	Language	Nepali	Contexts	Narration	कक्षा_११_सुनाइ_पाठ_४.mp3	audio	../content/audio/Nepali LIstening Files/Grade 11 Listening Texts/	CEHRD
कक्षा ११ सुनाइ पाठ ५	11N05	11	11	np	Language	Nepali	Contexts	Conversation	कक्षा_११_सुनाइ_पाठ_५.mp3	audio	../content/audio/Nepali LIstening Files/Grade 11 Listening Texts/	CEHRD
कक्षा ११ सुनाइ पाठ ६	11N06	11	11	np	Language	Nepali	People		कक्षा_११_सुनाइ_पाठ_६.mp3	audio	../content/audio/Nepali LIstening Files/Grade 11 Listening Texts/	CEHRD
कक्षा ११ सुनाइ पाठ ७	11N07	11	11	np	Language	Nepali	Contexts	Locations	कक्षा_११_सुनाइ_पाठ_७.mp3	audio	../content/audio/Nepali LIstening Files/Grade 11 Listening Texts/	CEHRD
कक्षा ११ सुनाइ पाठ ८	11N08	11	11	np	Language	Nepali	Textbooks		कक्षा_११_सुनाइ_पाठ_८.mp3	audio	../content/audio/Nepali LIstening Files/Grade 11 Listening Texts/	CEHRD
कक्षा ११ सुनाइ पाठ ९	11N09	11	11	np	Language	Nepali	Contexts	Describing	कक्षा_११_सुनाइ_पाठ_९.mp3	audio	../content/audio/Nepali LIstening Files/Grade 11 Listening Texts/	CEHRD
कक्षा ११ सुनाइ पाठ १०	11N10	11	11	np	Language	Nepali	Contexts	Conversation	कक्षा_११_सुनाइ_पाठ_१०.mp3	audio	../content/audio/Nepali LIstening Files/Grade 11 Listening Texts/	CEHRD
कक्षा ११ सुनाइ पाठ ११	11N11	11	11	np	Language	Nepali	Contexts	Locations	कक्षा_११_सुनाइ_पाठ_११.mp3	audio	../content/audio/Nepali LIstening Files/Grade 11 Listening Texts/	CEHRD
कक्षा ११ सुनाइ पाठ १२	11N12	11	11	np	Language	Nepali	Contexts	Narration	कक्षा_११_सुनाइ_पाठ_१२.mp3	audio	../content/audio/Nepali LIstening Files/Grade 11 Listening Texts/	CEHRD
कक्षा १२ सुनाइ पाठ १	12N01	12	12	np	Language	Nepali	Song		कक्षा_१२_सुनाइ_पाठ_१.mp3	audio	../content/audio/Nepali LIstening Files/Grade 12 Listening Texts/	CEHRD
कक्षा १२ सुनाइ पाठ २	12N02	12	12	np	Language	Nepali	Contexts	Narration	कक्षा_१२_सुनाइ_पाठ_२.mp3	audio	../content/audio/Nepali LIstening Files/Grade 12 Listening Texts/	CEHRD
कक्षा १२ सुनाइ पाठ ३	12N03	12	12	np	Language	Nepali	Contexts	Locations	कक्षा_१२_सुनाइ_पाठ_३.mp3	audio	../content/audio/Nepali LIstening Files/Grade 12 Listening Texts/	CEHRD
कक्षा १२ सुनाइ पाठ ४	12N04	12	12	np	Language	Nepali	Contexts	Conversation	कक्षा_१२_सुनाइ_पाठ_४.mp3	audio	../content/audio/Nepali LIstening Files/Grade 12 Listening Texts/	CEHRD
कक्षा १२ सुनाइ पाठ ५	12N05	12	12	np	Language	Nepali	Contexts	Identity	कक्षा_१२_सुनाइ_पाठ_५.mp3	audio	../content/audio/Nepali LIstening Files/Grade 12 Listening Texts/	CEHRD
कक्षा १२ सुनाइ पाठ ६	12N06	12	12	np	Language	Nepali	Contexts	Identity	कक्षा_१२_सुनाइ_पाठ_६.mp3	audio	../content/audio/Nepali LIstening Files/Grade 12 Listening Texts/	CEHRD
कक्षा १२ सुनाइ पाठ ७	12N07	12	12	np	Language	Nepali	Song	Narration	कक्षा_१२_सुनाइ_पाठ_७.mp3	audio	../content/audio/Nepali LIstening Files/Grade 12 Listening Texts/	CEHRD
कक्षा १२ सुनाइ पाठ ८	12N08	12	12	np	Language	Nepali	Contexts	Narration	कक्षा_१२_सुनाइ_पाठ_८.mp3	audio	../content/audio/Nepali LIstening Files/Grade 12 Listening Texts/	CEHRD
कक्षा १२ सुनाइ पाठ ९	12N09	12	12	np	Language	Nepali	Contexts	Narration	कक्षा_१२_सुनाइ_पाठ_९.mp3	audio	../content/audio/Nepali LIstening Files/Grade 12 Listening Texts/	CEHRD
कक्षा १२ सुनाइ पाठ १०	12N10	12	12	np	Language	Nepali	Contexts	Possessions	कक्षा_१२_सुनाइ_पाठ_१०.mp3	audio	../content/audio/Nepali LIstening Files/Grade 12 Listening Texts/	CEHRD
कक्षा १२ सुनाइ पाठ ११	12N11	12	12	np	Language	Nepali	Contexts	Suggestions	कक्षा_१२_सुनाइ_पाठ_११.mp3	audio	../content/audio/Nepali LIstening Files/Grade 12 Listening Texts/	CEHRD
कक्षा १२ सुनाइ पाठ १२	12N12	12	12	np	Language	Nepali	Contexts	Reasons	कक्षा_१२_सुनाइ_पाठ_१२.mp3	audio	../content/audio/Nepali LIstening Files/Grade 12 Listening Texts/	CEHRD
