ch_id,pn,len,type,ft,dn,ndn,fn,fp
4H01,11,9,TG,pdf,Personal Hygiene,व्यक्तिगत स्वच्छता,4H_TG_Nepali_Draft_1706786511.pdf,../content/Teacher Tools/CDC Teacher Guides/Grade 4 Teacher Guides/
4H02,20,11,TG,pdf,Environmental Sanitation,वातावरण सरसफाइ,4H_TG_Nepali_Draft_1706786511.pdf,../content/Teacher Tools/CDC Teacher Guides/Grade 4 Teacher Guides/
4H03,31,12,TG,pdf,Food and Nutrition,खाना र पोषण,4H_TG_Nepali_Draft_1706786511.pdf,../content/Teacher Tools/CDC Teacher Guides/Grade 4 Teacher Guides/
4H04,43,12,TG,pdf,Disease and Substance Abuse,रोग तथा पदार्थहरूको दुव्र्यसन,4H_TG_Nepali_Draft_1706786511.pdf,../content/Teacher Tools/CDC Teacher Guides/Grade 4 Teacher Guides/
4H05,55,10,TG,pdf,Safety,हाम्रो सुरक्षा,4H_TG_Nepali_Draft_1706786511.pdf,../content/Teacher Tools/CDC Teacher Guides/Grade 4 Teacher Guides/
4H06,65,13,TG,pdf,Drills and Physical Exercise,कवाज र शारीरिक व्यायाम,4H_TG_Nepali_Draft_1706786511.pdf,../content/Teacher Tools/CDC Teacher Guides/Grade 4 Teacher Guides/
4H07,78,14,TG,pdf,Athletics and Gymnastics,एथ्लेटिक्स र जिम्नास्टिक,4H_TG_Nepali_Draft_1706786511.pdf,../content/Teacher Tools/CDC Teacher Guides/Grade 4 Teacher Guides/
4H08,92,18,TG,pdf,Games,खेलहरू,4H_TG_Nepali_Draft_1706786511.pdf,../content/Teacher Tools/CDC Teacher Guides/Grade 4 Teacher Guides/
4H09,110,11,TG,pdf,Yoga,योग,4H_TG_Nepali_Draft_1706786511.pdf,../content/Teacher Tools/CDC Teacher Guides/Grade 4 Teacher Guides/
4H10,121,15,TG,pdf,Drawing and Colour,रेखाचित्र र रङ,4H_TG_Nepali_Draft_1706786511.pdf,../content/Teacher Tools/CDC Teacher Guides/Grade 4 Teacher Guides/
4H11,136,13,TG,pdf,"Printmaking, Clay works, Collage and Construction","छपाइ, माटाको काम, कोलाज र निर्माण",4H_TG_Nepali_Draft_1706786511.pdf,../content/Teacher Tools/CDC Teacher Guides/Grade 4 Teacher Guides/
4H12,149,25,TG,pdf,Singing and Musical Instruments,गायन र वादन,4H_TG_Nepali_Draft_1706786511.pdf,../content/Teacher Tools/CDC Teacher Guides/Grade 4 Teacher Guides/
4H13,174,9,TG,pdf,Dance and Acting,नृत्य र अभिनय,4H_TG_Nepali_Draft_1706786511.pdf,../content/Teacher Tools/CDC Teacher Guides/Grade 4 Teacher Guides/
6H01,11,13,TG,pdf,Human Body,मानव शरीर,6H_TG_Nepali_1710044611.pdf,../content/Teacher Tools/CDC Teacher Guides/Grade 6 Teacher Guides/
6H02,24,14,TG,pdf,Community Health and Mental Health,सामुदायिक स्वास्थ्य तथा मानसिक स्वास्थ्य,6H_TG_Nepali_1710044611.pdf,../content/Teacher Tools/CDC Teacher Guides/Grade 6 Teacher Guides/
6H03,38,13,TG,pdf,Nutrition and Food Security,पोषण र खाद्य सुरक्षा,6H_TG_Nepali_1710044611.pdf,../content/Teacher Tools/CDC Teacher Guides/Grade 6 Teacher Guides/
6H04,51,18,TG,pdf,"Disease, Safety and First Aid","रोग, सुरक्षा र प्राथमिक उपचार",6H_TG_Nepali_1710044611.pdf,../content/Teacher Tools/CDC Teacher Guides/Grade 6 Teacher Guides/
6H05,69,10,TG,pdf,Sexual and reproductive health,यौनिक तथा प्रजनन् स्वास्थ्य,6H_TG_Nepali_1710044611.pdf,../content/Teacher Tools/CDC Teacher Guides/Grade 6 Teacher Guides/
6H06,79,18,TG,pdf,Physical Exercise and Drill,शारीरिक कसरत र कवाज,6H_TG_Nepali_1710044611.pdf,../content/Teacher Tools/CDC Teacher Guides/Grade 6 Teacher Guides/
6H07,97,19,TG,pdf,Athletics and Adventures Activities,एथलेटिक्स र साहसिक क्रियाकलाप,6H_TG_Nepali_1710044611.pdf,../content/Teacher Tools/CDC Teacher Guides/Grade 6 Teacher Guides/
6H08,116,35,TG,pdf,Games,खेलहरु,6H_TG_Nepali_1710044611.pdf,../content/Teacher Tools/CDC Teacher Guides/Grade 6 Teacher Guides/
6H09,151,15,TG,pdf,Yoga,योग,6H_TG_Nepali_1710044611.pdf,../content/Teacher Tools/CDC Teacher Guides/Grade 6 Teacher Guides/
6H10,166,38,TG,pdf,"Introduction to Arts, Line and Colour","कलाको परिचय, रेखाङ्‍कन र रङ",6H_TG_Nepali_1710044611.pdf,../content/Teacher Tools/CDC Teacher Guides/Grade 6 Teacher Guides/
6H11,166,38,TG,pdf,"Print Making, Clay works, Collage and Construction","छपाइ, माटाको काम, कोलाज र निर्माण",6H_TG_Nepali_1710044611.pdf,../content/Teacher Tools/CDC Teacher Guides/Grade 6 Teacher Guides/
6H12,204,26,TG,pdf,Singing and Playing Instrument,गायन र वादन,6H_TG_Nepali_1710044611.pdf,../content/Teacher Tools/CDC Teacher Guides/Grade 6 Teacher Guides/
6H13,204,26,TG,pdf,Dance and Acting,नृत्य र अभिनय,6H_TG_Nepali_1710044611.pdf,../content/Teacher Tools/CDC Teacher Guides/Grade 6 Teacher Guides/
7H01,14,17,TG,pdf,Human body,मानव शरीर,7H_TG_Nepali_Draft_1706786813.pdf,../content/Teacher Tools/CDC Teacher Guides/Grade 7 Teacher Guides/
7H02,30,20,TG,pdf,Community Health and Mental Health,सामुदायिक स्वास्थ्य तथा मानसिक स्वास्थ्य,7H_TG_Nepali_Draft_1706786813.pdf,../content/Teacher Tools/CDC Teacher Guides/Grade 7 Teacher Guides/
7H03,49,15,TG,pdf,Nutrition and Food Security,पोषण र खाद्य सुरक्षा,7H_TG_Nepali_Draft_1706786813.pdf,../content/Teacher Tools/CDC Teacher Guides/Grade 7 Teacher Guides/
7H04,64,19,TG,pdf,"Disease, Safety and First Aid","रोग, सुरक्षा र प्राथमिक उपचार",7H_TG_Nepali_Draft_1706786813.pdf,../content/Teacher Tools/CDC Teacher Guides/Grade 7 Teacher Guides/
7H05,82,15,TG,pdf,Sexual and reproductive health,यौनिक तथा प्रजनन् स्वास्थ्य,7H_TG_Nepali_Draft_1706786813.pdf,../content/Teacher Tools/CDC Teacher Guides/Grade 7 Teacher Guides/
7H06,97,23,TG,pdf,Physical Exercise and Drill,शारीरिक कसरत र कवाज,7H_TG_Nepali_Draft_1706786813.pdf,../content/Teacher Tools/CDC Teacher Guides/Grade 7 Teacher Guides/
7H07,119,24,TG,pdf,Athletics and Adventurous Activities,एथलेटिक्स र साहसिक क्रियाकलाप,7H_TG_Nepali_Draft_1706786813.pdf,../content/Teacher Tools/CDC Teacher Guides/Grade 7 Teacher Guides/
7H08,133,27,TG,pdf,Games,खेल,7H_TG_Nepali_Draft_1706786813.pdf,../content/Teacher Tools/CDC Teacher Guides/Grade 7 Teacher Guides/
7H09,160,15,TG,pdf,Yoga,योग,7H_TG_Nepali_Draft_1706786813.pdf,../content/Teacher Tools/CDC Teacher Guides/Grade 7 Teacher Guides/
7H10,175,42,TG,pdf,"Introduction to Arts, Line art and Colour","कलाको परिचय, रेखाचित्र र रङ",7H_TG_Nepali_Draft_1706786813.pdf,../content/Teacher Tools/CDC Teacher Guides/Grade 7 Teacher Guides/
7H11,217,23,TG,pdf,"Print Making, Clay work, Collage and Construction","छपाइ, माटाको काम, कोलाज र निर्माण",7H_TG_Nepali_Draft_1706786813.pdf,../content/Teacher Tools/CDC Teacher Guides/Grade 7 Teacher Guides/
7H12,240,41,TG,pdf,Singing and Playing Instrument,गायन र वादन,7H_TG_Nepali_Draft_1706786813.pdf,../content/Teacher Tools/CDC Teacher Guides/Grade 7 Teacher Guides/
7H13,281,17,TG,pdf,Dance and Acting,नृत्य र अभिनय,7H_TG_Nepali_Draft_1706786813.pdf,../content/Teacher Tools/CDC Teacher Guides/Grade 7 Teacher Guides/
4SS01.01,4,4,TG,pdf,Relations with neighbors,छमेकीसँगको सम्बन्ध,4SS_TG_Nepali_Draft_1708585729.pdf,../content/Teacher Tools/CDC Teacher Guides/Grade 4 Teacher Guides/
4SS01.02,8,4,TG,pdf,Collaboration in the neighborhood,छिमेकमा सरसहयोग,4SS_TG_Nepali_Draft_1708585729.pdf,../content/Teacher Tools/CDC Teacher Guides/Grade 4 Teacher Guides/
4SS01.03,12,2,TG,pdf,Dealing with neighbors,छिमेकीसँगको व्यवहार,4SS_TG_Nepali_Draft_1708585729.pdf,../content/Teacher Tools/CDC Teacher Guides/Grade 4 Teacher Guides/
4SS01.04,14,4,TG,pdf,Our neighbor's work & profession,हाम्रा छिमेकीको काम र पेसा,4SS_TG_Nepali_Draft_1708585729.pdf,../content/Teacher Tools/CDC Teacher Guides/Grade 4 Teacher Guides/
4SS01.05,18,3,TG,pdf,Materials used in professions & trades,पेसा र व्यावसायमा प्रयोग हुने सामग्रीहरू,4SS_TG_Nepali_Draft_1708585729.pdf,../content/Teacher Tools/CDC Teacher Guides/Grade 4 Teacher Guides/
4SS02.01,21,5,TG,pdf,,मान्यजनको सम्मान र प्रेरणा,4SS_TG_Nepali_Draft_1708585729.pdf,../content/Teacher Tools/CDC Teacher Guides/Grade 4 Teacher Guides/
4SS02.02,26,4,TG,pdf,,क्षमाशील बनौँ,4SS_TG_Nepali_Draft_1708585729.pdf,../content/Teacher Tools/CDC Teacher Guides/Grade 4 Teacher Guides/
4SS02.03,30,3,TG,pdf,,असल बानी व्यवहार,4SS_TG_Nepali_Draft_1708585729.pdf,../content/Teacher Tools/CDC Teacher Guides/Grade 4 Teacher Guides/
4SS02.04,33,3,TG,pdf,,हाम्रा भाषा र रहनसहन,4SS_TG_Nepali_Draft_1708585729.pdf,../content/Teacher Tools/CDC Teacher Guides/Grade 4 Teacher Guides/
4SS02.05,36,3,TG,pdf,,चाडपर्वमा सहभागिता र सहयो,4SS_TG_Nepali_Draft_1708585729.pdf,../content/Teacher Tools/CDC Teacher Guides/Grade 4 Teacher Guides/
4SS02.06,39,2,TG,pdf,,मेरो जन्मस्थान,4SS_TG_Nepali_Draft_1708585729.pdf,../content/Teacher Tools/CDC Teacher Guides/Grade 4 Teacher Guides/
4SS02.07,41,2,TG,pdf,,हाम्रा राष्ट्रिय विभूतिहरू,4SS_TG_Nepali_Draft_1708585729.pdf,../content/Teacher Tools/CDC Teacher Guides/Grade 4 Teacher Guides/
4SS03.01,43,3,TG,pdf,,हाम्रो सुरक्षा,4SS_TG_Nepali_Draft_1708585729.pdf,../content/Teacher Tools/CDC Teacher Guides/Grade 4 Teacher Guides/
4SS03.02,46,4,TG,pdf,,हाम्रो अधिकार र कर्तव्य,4SS_TG_Nepali_Draft_1708585729.pdf,../content/Teacher Tools/CDC Teacher Guides/Grade 4 Teacher Guides/
4SS03.03,50,3,TG,pdf,,बाल सहभागिता,4SS_TG_Nepali_Draft_1708585729.pdf,../content/Teacher Tools/CDC Teacher Guides/Grade 4 Teacher Guides/
4SS03.04,53,3,TG,pdf,,हाम्रा प्राकृतिक सम्पद,4SS_TG_Nepali_Draft_1708585729.pdf,../content/Teacher Tools/CDC Teacher Guides/Grade 4 Teacher Guides/
4SS03.05,56,4,TG,pdf,,हाम्रा सांस्कृतिक सम्पदाहरू,4SS_TG_Nepali_Draft_1708585729.pdf,../content/Teacher Tools/CDC Teacher Guides/Grade 4 Teacher Guides/
4SS03.06,60,3,TG,pdf,,समान व्यवहार,4SS_TG_Nepali_Draft_1708585729.pdf,../content/Teacher Tools/CDC Teacher Guides/Grade 4 Teacher Guides/
4SS03.07,63,4,TG,pdf,,सेवा प्रदायक निकायहरू,4SS_TG_Nepali_Draft_1708585729.pdf,../content/Teacher Tools/CDC Teacher Guides/Grade 4 Teacher Guides/
4SS04.01,67,3,TG,pdf,,असल समाज,4SS_TG_Nepali_Draft_1708585729.pdf,../content/Teacher Tools/CDC Teacher Guides/Grade 4 Teacher Guides/
4SS04.02,70,2,TG,pdf,,सामाजिक समस्याबाट बचौँ र बचाऔँ ः,4SS_TG_Nepali_Draft_1708585729.pdf,../content/Teacher Tools/CDC Teacher Guides/Grade 4 Teacher Guides/
4SS04.03,72,3,TG,pdf,,सामाजिक समस्या र यसका समाधानका उपायहरू,4SS_TG_Nepali_Draft_1708585729.pdf,../content/Teacher Tools/CDC Teacher Guides/Grade 4 Teacher Guides/
4SS04.04,75,2,TG,pdf,,सामाजिक समस्या समाधानमा स्थानीय सङ्घसंस्थाह,4SS_TG_Nepali_Draft_1708585729.pdf,../content/Teacher Tools/CDC Teacher Guides/Grade 4 Teacher Guides/
4SS05.01,77,2,TG,pdf,,मेरो परिवार र छिमेकीको विगत,4SS_TG_Nepali_Draft_1708585729.pdf,../content/Teacher Tools/CDC Teacher Guides/Grade 4 Teacher Guides/
4SS05.02,79,3,TG,pdf,,हाम्रा समुदायका असल व्यक्तिहरू,4SS_TG_Nepali_Draft_1708585729.pdf,../content/Teacher Tools/CDC Teacher Guides/Grade 4 Teacher Guides/
4SS05.03,82,2,TG,pdf,,ेरो रमाइलो गाउँ,4SS_TG_Nepali_Draft_1708585729.pdf,../content/Teacher Tools/CDC Teacher Guides/Grade 4 Teacher Guides/
4SS05.04,84,3,TG,pdf,,हाम्रा पूर्वज,4SS_TG_Nepali_Draft_1708585729.pdf,../content/Teacher Tools/CDC Teacher Guides/Grade 4 Teacher Guides/
4SS06.01,87,3,TG,pdf,,ामको सम्मान गरौँ,4SS_TG_Nepali_Draft_1708585729.pdf,../content/Teacher Tools/CDC Teacher Guides/Grade 4 Teacher Guides/
4SS06.02,90,4,TG,pdf,,"हाम्रा उत्पादन, राम्रा उत्पादन",4SS_TG_Nepali_Draft_1708585729.pdf,../content/Teacher Tools/CDC Teacher Guides/Grade 4 Teacher Guides/
4SS06.03,94,2,TG,pdf,,हाम्रा आयआर्जनका कार्य,4SS_TG_Nepali_Draft_1708585729.pdf,../content/Teacher Tools/CDC Teacher Guides/Grade 4 Teacher Guides/
4SS06.04,96,5,TG,pdf,,मतव्ययी बनौँ,4SS_TG_Nepali_Draft_1708585729.pdf,../content/Teacher Tools/CDC Teacher Guides/Grade 4 Teacher Guides/
4SS06.05,101,3,TG,pdf,,हाम्रो हाटबजार,4SS_TG_Nepali_Draft_1708585729.pdf,../content/Teacher Tools/CDC Teacher Guides/Grade 4 Teacher Guides/
4SS07.01,104,3,TG,pdf,,हाम्रो साझा घर,4SS_TG_Nepali_Draft_1708585729.pdf,../content/Teacher Tools/CDC Teacher Guides/Grade 4 Teacher Guides/
4SS07.02,107,2,TG,pdf,,हाम्रो पृथ्वी र साधन स्रोत,4SS_TG_Nepali_Draft_1708585729.pdf,../content/Teacher Tools/CDC Teacher Guides/Grade 4 Teacher Guides/
4SS07.03,109,2,TG,pdf,,विपत्को परिचय र सावधानीका उपाय,4SS_TG_Nepali_Draft_1708585729.pdf,../content/Teacher Tools/CDC Teacher Guides/Grade 4 Teacher Guides/
4SS07.04,111,2,TG,pdf,,हाम्रो स्थानीय तह,4SS_TG_Nepali_Draft_1708585729.pdf,../content/Teacher Tools/CDC Teacher Guides/Grade 4 Teacher Guides/
4SS07.05,113,3,TG,pdf,,नक्सा कोरौँ,4SS_TG_Nepali_Draft_1708585729.pdf,../content/Teacher Tools/CDC Teacher Guides/Grade 4 Teacher Guides/
4SS07.06,116,2,TG,pdf,,आनो गाउँ टोलको अवस्थिती,4SS_TG_Nepali_Draft_1708585729.pdf,../content/Teacher Tools/CDC Teacher Guides/Grade 4 Teacher Guides/
6SS01.00,3,2,TG,pdf,We and our society,हामी र हाम्रो समाज,6SS_TG_Nepali_Draft_1706785534.pdf,../content/Teacher Tools/CDC Teacher Guides/Grade 6 Teacher Guides/
6SS01.01,5,3,TG,pdf,Society and community,समाज र समुदाय,6SS_TG_Nepali_Draft_1706785534.pdf,../content/Teacher Tools/CDC Teacher Guides/Grade 6 Teacher Guides/
6SS01.02,8,2,TG,pdf,The foundations of society building,समाज निर्माणका आधारहरू,6SS_TG_Nepali_Draft_1706785534.pdf,../content/Teacher Tools/CDC Teacher Guides/Grade 6 Teacher Guides/
6SS01.03,10,3,TG,pdf,Village municipality and the services it provides,गाउँपालिका र यसले प्रदान गर्ने सेवाहरू,6SS_TG_Nepali_Draft_1706785534.pdf,../content/Teacher Tools/CDC Teacher Guides/Grade 6 Teacher Guides/
6SS01.04,10,3,TG,pdf,The municipality and the services it provides,नगरपालिका र यसले प्रदान गर्ने सेवाहरू,6SS_TG_Nepali_Draft_1706785534.pdf,../content/Teacher Tools/CDC Teacher Guides/Grade 6 Teacher Guides/
6SS01.05,13,3,TG,pdf,Development works at the local level,स्थानीय तहमा विकास कार्यहरू,6SS_TG_Nepali_Draft_1706785534.pdf,../content/Teacher Tools/CDC Teacher Guides/Grade 6 Teacher Guides/
6SS01.06,16,2,TG,pdf,Infrastructures of development,विकासका पूर्वाधारहरू,6SS_TG_Nepali_Draft_1706785534.pdf,../content/Teacher Tools/CDC Teacher Guides/Grade 6 Teacher Guides/
6SS02.00,18,2,TG,pdf,Our human values,हाम्रा मानव मूल्य मान्यता,6SS_TG_Nepali_Draft_1706785534.pdf,../content/Teacher Tools/CDC Teacher Guides/Grade 6 Teacher Guides/
6SS02.01,20,4,TG,pdf,Self-discipline,आत्मअनुशासन,6SS_TG_Nepali_Draft_1706785534.pdf,../content/Teacher Tools/CDC Teacher Guides/Grade 6 Teacher Guides/
6SS02.02,24,4,TG,pdf,Social behavior,सामाजिक व्यवहार,6SS_TG_Nepali_Draft_1706785534.pdf,../content/Teacher Tools/CDC Teacher Guides/Grade 6 Teacher Guides/
6SS02.03,28,4,TG,pdf,Our festivals,हाम्रा चाडपर्वहरू,6SS_TG_Nepali_Draft_1706785534.pdf,../content/Teacher Tools/CDC Teacher Guides/Grade 6 Teacher Guides/
6SS02.04,32,6,TG,pdf,Our national pride,हाम्रो राष्‍ट्रिय गौरव,6SS_TG_Nepali_Draft_1706785534.pdf,../content/Teacher Tools/CDC Teacher Guides/Grade 6 Teacher Guides/
6SS02.05,37,4,TG,pdf,Our religious and cultural heritage,हाम्रा धार्मिक तथा सांस्कृतिक सम्पदा,6SS_TG_Nepali_Draft_1706785534.pdf,../content/Teacher Tools/CDC Teacher Guides/Grade 6 Teacher Guides/
6SS02.06,41,4,TG,pdf,Children's Club and Scout,बालक्लब र स्काउट,6SS_TG_Nepali_Draft_1706785534.pdf,../content/Teacher Tools/CDC Teacher Guides/Grade 6 Teacher Guides/
6SS02.07,45,4,TG,pdf,National personality,राष्‍ट्रिय व्यक्तित्व,6SS_TG_Nepali_Draft_1706785534.pdf,../content/Teacher Tools/CDC Teacher Guides/Grade 6 Teacher Guides/
6SS03.00,50,4,TG,pdf,"Civic consciousness, duties and rights","नागरिक चेतना, कर्तव्य र अधिकार",6SS_TG_Nepali_Draft_1706785534.pdf,../content/Teacher Tools/CDC Teacher Guides/Grade 6 Teacher Guides/
6SS03.01,52,3,TG,pdf,We are citizens,हामी नागरिक,6SS_TG_Nepali_Draft_1706785534.pdf,../content/Teacher Tools/CDC Teacher Guides/Grade 6 Teacher Guides/
6SS03.02,54,3,TG,pdf,We are citizens: our rights,हामी नागरिकः हाम्रा अधिकार,6SS_TG_Nepali_Draft_1706785534.pdf,../content/Teacher Tools/CDC Teacher Guides/Grade 6 Teacher Guides/
6SS03.03,57,4,TG,pdf,Our duty,हाम्रा कर्तव्य,6SS_TG_Nepali_Draft_1706785534.pdf,../content/Teacher Tools/CDC Teacher Guides/Grade 6 Teacher Guides/
6SS03.04,61,3,TG,pdf,Democratic values ​​and beliefs,लोकतान्त्रिक मूल्य र मान्यता,6SS_TG_Nepali_Draft_1706785534.pdf,../content/Teacher Tools/CDC Teacher Guides/Grade 6 Teacher Guides/
6SS03.05,64,3,TG,pdf,We are children: our rights and duties,हामी बालबालिकाः हाम्रा अधिकार र कर्तव्य,6SS_TG_Nepali_Draft_1706785534.pdf,../content/Teacher Tools/CDC Teacher Guides/Grade 6 Teacher Guides/
6SS03.06,67,2,TG,pdf,Our social rules,हाम्रा सामाजिक नियम,6SS_TG_Nepali_Draft_1706785534.pdf,../content/Teacher Tools/CDC Teacher Guides/Grade 6 Teacher Guides/
6SS03.07,69,2,TG,pdf,Our security,हाम्रो सुरक्षा,6SS_TG_Nepali_Draft_1706785534.pdf,../content/Teacher Tools/CDC Teacher Guides/Grade 6 Teacher Guides/
6SS03.08,71,2,TG,pdf,Let's follow the traffic rules,ट्राफिक नियमको पालना गरौँ,6SS_TG_Nepali_Draft_1706785534.pdf,../content/Teacher Tools/CDC Teacher Guides/Grade 6 Teacher Guides/
6SS04.00,73,2,TG,pdf,Social problems and solutions,सामाजिक समस्या र समाधान,6SS_TG_Nepali_Draft_1706785534.pdf,../content/Teacher Tools/CDC Teacher Guides/Grade 6 Teacher Guides/
6SS04.01,75,1,TG,pdf,Social problems and distortions,सामाजिक समस्या र विकृति,6SS_TG_Nepali_Draft_1706785534.pdf,../content/Teacher Tools/CDC Teacher Guides/Grade 6 Teacher Guides/
6SS04.02,75,9,TG,pdf,Solutions to social problems and distortions,सामाजिक समस्या र विकृतिको समाधान,6SS_TG_Nepali_Draft_1706785534.pdf,../content/Teacher Tools/CDC Teacher Guides/Grade 6 Teacher Guides/
6SS04.03,84,5,TG,pdf,"The role of individuals, families and organizations in solving social problems and distortions","सामाजिक समस्या र विकृति समाधानमा व्यक्ति, परिवार र सङ्‌घसंस्थाको भूमिका",6SS_TG_Nepali_Draft_1706785534.pdf,../content/Teacher Tools/CDC Teacher Guides/Grade 6 Teacher Guides/
6SS04.04,89,1,TG,pdf,Dispute,विवाद,6SS_TG_Nepali_Draft_1706785534.pdf,../content/Teacher Tools/CDC Teacher Guides/Grade 6 Teacher Guides/
6SS04.05,89,7,TG,pdf,Dispute resolution,विवाद समाधान,6SS_TG_Nepali_Draft_1706785534.pdf,../content/Teacher Tools/CDC Teacher Guides/Grade 6 Teacher Guides/
6SS05.00,96,3,TG,pdf,Our past,हाम्रो विगत,6SS_TG_Nepali_Draft_1706785534.pdf,../content/Teacher Tools/CDC Teacher Guides/Grade 6 Teacher Guides/
6SS05.01,98,4,TG,pdf,Integration of Nepal: Public Participation,नेपालको एकीकरणः जनसहभागिता,6SS_TG_Nepali_Draft_1706785534.pdf,../content/Teacher Tools/CDC Teacher Guides/Grade 6 Teacher Guides/
6SS05.02,102,2,TG,pdf,Rajendra Laxmi and Bahadur Shah in the unification of Nepal,नेपाल एकीकरणमा राजेन्द्रलक्ष्मी र बहादुर शाह,6SS_TG_Nepali_Draft_1706785534.pdf,../content/Teacher Tools/CDC Teacher Guides/Grade 6 Teacher Guides/
6SS05.03,103,4,TG,pdf,Nepal-British war,नेपाल अङ्‌ग्रेज युद्ध,6SS_TG_Nepali_Draft_1706785534.pdf,../content/Teacher Tools/CDC Teacher Guides/Grade 6 Teacher Guides/
6SS05.04,107,3,TG,pdf,"Rana rule: political, social and economic conditions","राणा शासनः राजनीतिक, सामाजिक र आर्थिक अवस्था",6SS_TG_Nepali_Draft_1706785534.pdf,../content/Teacher Tools/CDC Teacher Guides/Grade 6 Teacher Guides/
6SS05.05,110,3,TG,pdf,V.S. Political developments from 2007 to date,वि.सं. २००७ देखि हालसम्मका राजनीतिक घटनाक्रम,6SS_TG_Nepali_Draft_1706785534.pdf,../content/Teacher Tools/CDC Teacher Guides/Grade 6 Teacher Guides/
6SS05.06,113,3,TG,pdf,Social and economic achievement: B.Sc. 2007 to present,सामाजिक तथा आर्थिक उपलब्धिः वि.सं. २००७ देखि हालसम्म,6SS_TG_Nepali_Draft_1706785534.pdf,../content/Teacher Tools/CDC Teacher Guides/Grade 6 Teacher Guides/
6SS05.07,116,2,TG,pdf,Mithila civilization,मिथिला सभ्यता,6SS_TG_Nepali_Draft_1706785534.pdf,../content/Teacher Tools/CDC Teacher Guides/Grade 6 Teacher Guides/
6SS06.00,118,2,TG,pdf,Nepal's economic activities,नेपालका आर्थिक क्रियाकलापहरू,6SS_TG_Nepali_Draft_1706785534.pdf,../content/Teacher Tools/CDC Teacher Guides/Grade 6 Teacher Guides/
6SS06.01,120,4,TG,pdf,Our economic activities: introduction and importance,हाम्रा आर्थिक क्रियाकलापः परिचय र महत्त्व,6SS_TG_Nepali_Draft_1706785534.pdf,../content/Teacher Tools/CDC Teacher Guides/Grade 6 Teacher Guides/
6SS06.02,124,6,TG,pdf,Our economic activities: Agriculture and industry,हाम्रा आर्थिक क्रियाकलापः कृषि र उद्योग,6SS_TG_Nepali_Draft_1706785534.pdf,../content/Teacher Tools/CDC Teacher Guides/Grade 6 Teacher Guides/
6SS06.03,130,4,TG,pdf,Our economic activities: services and trade,हाम्रा आर्थिक क्रियाकलापः सेवा र व्यापार,6SS_TG_Nepali_Draft_1706785534.pdf,../content/Teacher Tools/CDC Teacher Guides/Grade 6 Teacher Guides/
6SS06.04,134,4,TG,pdf,Our Tourism: Our Pride,हाम्रो पर्यटनः हाम्रो गौरव,6SS_TG_Nepali_Draft_1706785534.pdf,../content/Teacher Tools/CDC Teacher Guides/Grade 6 Teacher Guides/
6SS06.05,138,4,TG,pdf,Our economic resources: land and water resources,हाम्रा आर्थिक स्रोत साधनः भूमि र जलस्रोत,6SS_TG_Nepali_Draft_1706785534.pdf,../content/Teacher Tools/CDC Teacher Guides/Grade 6 Teacher Guides/
6SS06.06,142,4,TG,pdf,"Our economic resources: forests, minerals and human resources","हाम्रा आर्थिक साधनः वन, खनिज र मानव संसाधन",6SS_TG_Nepali_Draft_1706785534.pdf,../content/Teacher Tools/CDC Teacher Guides/Grade 6 Teacher Guides/
6SS07.00,146,3,TG,pdf,Our earth,हाम्रो पृथ्वी,6SS_TG_Nepali_Draft_1706785534.pdf,../content/Teacher Tools/CDC Teacher Guides/Grade 6 Teacher Guides/
6SS07.01,149,5,TG,pdf,Introduction to the Earth,पृथ्वीको परिचय,6SS_TG_Nepali_Draft_1706785534.pdf,../content/Teacher Tools/CDC Teacher Guides/Grade 6 Teacher Guides/
6SS07.02,154,4,TG,pdf,Latitude and longitude,अक्षांश र देशान्तर,6SS_TG_Nepali_Draft_1706785534.pdf,../content/Teacher Tools/CDC Teacher Guides/Grade 6 Teacher Guides/
6SS07.03,158,3,TG,pdf,The structure of the outer layer of the earth,पृथ्वीको बाहिरी तहको बनोट,6SS_TG_Nepali_Draft_1706785534.pdf,../content/Teacher Tools/CDC Teacher Guides/Grade 6 Teacher Guides/
6SS07.04,161,3,TG,pdf,Geographical description of Nepal,नेपालको भौगोलिक विवरण,6SS_TG_Nepali_Draft_1706785534.pdf,../content/Teacher Tools/CDC Teacher Guides/Grade 6 Teacher Guides/
6SS07.05,164,1,TG,pdf,Nepal's climate,नेपालको हावापानी,6SS_TG_Nepali_Draft_1706785534.pdf,../content/Teacher Tools/CDC Teacher Guides/Grade 6 Teacher Guides/
6SS07.06,165,2,TG,pdf,"Rivers, glaciers and lakes","नदी, हिमनदी र तालहरू",6SS_TG_Nepali_Draft_1706785534.pdf,../content/Teacher Tools/CDC Teacher Guides/Grade 6 Teacher Guides/
6SS07.07,167,3,TG,pdf,Natural vegetation,प्राकृतिक वनस्पति,6SS_TG_Nepali_Draft_1706785534.pdf,../content/Teacher Tools/CDC Teacher Guides/Grade 6 Teacher Guides/
6SS07.08,170,1,TG,pdf,Natural resources and human relations,प्राकृतिक सम्पदा र मानव सम्बन्ध,6SS_TG_Nepali_Draft_1706785534.pdf,../content/Teacher Tools/CDC Teacher Guides/Grade 6 Teacher Guides/
6SS07.09,170,2,TG,pdf,Natural resources of Nepal,नेपालका प्राक्रृतिक स्रोतहरू,6SS_TG_Nepali_Draft_1706785534.pdf,../content/Teacher Tools/CDC Teacher Guides/Grade 6 Teacher Guides/
6SS07.10,172,3,TG,pdf,Map study,नक्सा अध्ययन,6SS_TG_Nepali_Draft_1706785534.pdf,../content/Teacher Tools/CDC Teacher Guides/Grade 6 Teacher Guides/
6SS07.11,175,2,TG,pdf,Disaster management,विपद् व्यवस्थापन,6SS_TG_Nepali_Draft_1706785534.pdf,../content/Teacher Tools/CDC Teacher Guides/Grade 6 Teacher Guides/
6SS08.00,177,2,TG,pdf,Population and its management,जनसङ्ख्या र यसको व्यवस्थापन,6SS_TG_Nepali_Draft_1706785534.pdf,../content/Teacher Tools/CDC Teacher Guides/Grade 6 Teacher Guides/
6SS08.01,179,3,TG,pdf,Population and Demographics,जनसङ्ख्या र जनसाङ्ख्यिकी,6SS_TG_Nepali_Draft_1706785534.pdf,../content/Teacher Tools/CDC Teacher Guides/Grade 6 Teacher Guides/
6SS08.02,182,1,TG,pdf,"Census historicity, introduction and importance","जनगणना ऐतिहासिकता, परिचय र महत्त्व",6SS_TG_Nepali_Draft_1706785534.pdf,../content/Teacher Tools/CDC Teacher Guides/Grade 6 Teacher Guides/
6SS08.03,182,5,TG,pdf,Sources of Population Statistics,जनसङ्ख्या तथ्याङ्‌कका स्रोतहरू,6SS_TG_Nepali_Draft_1706785534.pdf,../content/Teacher Tools/CDC Teacher Guides/Grade 6 Teacher Guides/
6SS08.04,185,5,TG,pdf,The state of Nepal's population,नेपालको जनसब्ख्याको अवस्था,6SS_TG_Nepali_Draft_1706785534.pdf,../content/Teacher Tools/CDC Teacher Guides/Grade 6 Teacher Guides/
6SS08.05,190,1,TG,pdf,Population management,जनसङ्ख्या व्यवस्थापन,6SS_TG_Nepali_Draft_1706785534.pdf,../content/Teacher Tools/CDC Teacher Guides/Grade 6 Teacher Guides/
6SS08.06,190,4,TG,pdf,The role of population management and local bodies,जनसङ्ख्या व्यवस्थापन र स्थानीय निकायको भूमिका,6SS_TG_Nepali_Draft_1706785534.pdf,../content/Teacher Tools/CDC Teacher Guides/Grade 6 Teacher Guides/
6SS09.00,194,2,TG,pdf,"International relations, current affairs and information technology","अन्तर्राष्‍ट्रिय सम्बन्ध, समसामयिक घटना र सूचना प्रविधि",6SS_TG_Nepali_Draft_1706785534.pdf,../content/Teacher Tools/CDC Teacher Guides/Grade 6 Teacher Guides/
6SS09.01,196,2,TG,pdf,Nepal's international relations,नेपालको अन्तर्राष्‍ट्रिय सम्बन्ध,6SS_TG_Nepali_Draft_1706785534.pdf,../content/Teacher Tools/CDC Teacher Guides/Grade 6 Teacher Guides/
6SS09.02,198,2,TG,pdf,International assistance in the development of Nepal,नेपालको विकासमा अन्तर्राष्‍ट्रिय सहयोग,6SS_TG_Nepali_Draft_1706785534.pdf,../content/Teacher Tools/CDC Teacher Guides/Grade 6 Teacher Guides/
6SS09.03,200,2,TG,pdf,Information technology,सूचना प्रविधि,6SS_TG_Nepali_Draft_1706785534.pdf,../content/Teacher Tools/CDC Teacher Guides/Grade 6 Teacher Guides/
6SS09.04,202,2,TG,pdf,Proper use of social media,सामाजिक सञ्‍जालको उचित प्रयोग,6SS_TG_Nepali_Draft_1706785534.pdf,../content/Teacher Tools/CDC Teacher Guides/Grade 6 Teacher Guides/
6SS09.05,204,2,TG,pdf,Contemporary activity,समसामयिक गतिविधि,6SS_TG_Nepali_Draft_1706785534.pdf,../content/Teacher Tools/CDC Teacher Guides/Grade 6 Teacher Guides/
6M01.01,5,19,TG,pdf,Set,समूह,6M_TG_Nepali_1710653437.pdf,../content/Teacher Tools/CDC Teacher Guides/Grade 6 Teacher Guides/
6M02.01,24,36,TG,pdf,Whole Number,पूर्ण सङ्ख्या,6M_TG_Nepali_1710653437.pdf,../content/Teacher Tools/CDC Teacher Guides/Grade 6 Teacher Guides/
6M02.02,60,6,TG,pdf,Integers,पूर्णाङ्कहरू,6M_TG_Nepali_1710653437.pdf,../content/Teacher Tools/CDC Teacher Guides/Grade 6 Teacher Guides/
6M02.03,66,35,TG,pdf,Fraction,भिन्न,6M_TG_Nepali_1710653437.pdf,../content/Teacher Tools/CDC Teacher Guides/Grade 6 Teacher Guides/
6M02.04,101,8,TG,pdf,Decimal,दशमलव,6M_TG_Nepali_1710653437.pdf,../content/Teacher Tools/CDC Teacher Guides/Grade 6 Teacher Guides/
6M02.06,109,7,TG,pdf,Profit and Loss,नाफा र नोक्सा,6M_TG_Nepali_1710653437.pdf,../content/Teacher Tools/CDC Teacher Guides/Grade 6 Teacher Guides/
6M02.07,116,7,TG,pdf,Unitary Method,ऐकिक नियम,6M_TG_Nepali_1710653437.pdf,../content/Teacher Tools/CDC Teacher Guides/Grade 6 Teacher Guides/
6M03.01,123,4,TG,pdf,Distance,दुरी,6M_TG_Nepali_1710653437.pdf,../content/Teacher Tools/CDC Teacher Guides/Grade 6 Teacher Guides/
6M03.02,127,21,TG,pdf,"Perimeter, Area and Volume","परिमिति, क्षेत्रफल र आयतन",6M_TG_Nepali_1710653437.pdf,../content/Teacher Tools/CDC Teacher Guides/Grade 6 Teacher Guides/
6M04.01,148,5,TG,pdf,Indices,घाताङ्क,6M_TG_Nepali_1710653437.pdf,../content/Teacher Tools/CDC Teacher Guides/Grade 6 Teacher Guides/
6M04.02,152,30,TG,pdf,Algebraic Expression,बीजीय अभिव्यञ्जक,6M_TG_Nepali_1710653437.pdf,../content/Teacher Tools/CDC Teacher Guides/Grade 6 Teacher Guides/
6M04.03,182,18,TG,pdf,"Equation, Inequality and Graph","समीकरण, असमानता र लेखाचित्र",6M_TG_Nepali_1710653437.pdf,../content/Teacher Tools/CDC Teacher Guides/Grade 6 Teacher Guides/
6M05.01,200,42,TG,pdf,Lines and Angles,रेखा र कोणहरू,6M_TG_Nepali_1710653437.pdf,../content/Teacher Tools/CDC Teacher Guides/Grade 6 Teacher Guides/
6M05.02,242,19,TG,pdf,Plane Shapes,समतलीय आकृति,6M_TG_Nepali_1710653437.pdf,../content/Teacher Tools/CDC Teacher Guides/Grade 6 Teacher Guides/
6M05.03,261,9,TG,pdf,Circle,वृत्त,6M_TG_Nepali_1710653437.pdf,../content/Teacher Tools/CDC Teacher Guides/Grade 6 Teacher Guides/
6M05.04,270,20,TG,pdf,Solid Objects,ठोस वस्तुहरू,6M_TG_Nepali_1710653437.pdf,../content/Teacher Tools/CDC Teacher Guides/Grade 6 Teacher Guides/
6M05.05,290,14,TG,pdf,Co-ordinate Geometry,निर्देशाङ्क ज्यामिति,6M_TG_Nepali_1710653437.pdf,../content/Teacher Tools/CDC Teacher Guides/Grade 6 Teacher Guides/
6M05.06,303,11,TG,pdf,Symmetry and Tessellation,सममिति र टेसेलेसन,6M_TG_Nepali_1710653437.pdf,../content/Teacher Tools/CDC Teacher Guides/Grade 6 Teacher Guides/
6M06.01,314,19,TG,pdf,Statistics,तथ्याङ्क शास्त्र,6M_TG_Nepali_1710653437.pdf,../content/Teacher Tools/CDC Teacher Guides/Grade 6 Teacher Guides/
6S01.00,7,1,TG,pdf,Scientific Learning,वैज्ञानिक सिकाइ,6S_TG_Nepali_Draft_1708596075.pdf,../content/Teacher Tools/CDC Teacher Guides/Grade 6 Teacher Guides/
6S01.01,8,6,TG,pdf,Introduction to scientific learning,वैज्ञानिक सिकाइको परिचय,6S_TG_Nepali_Draft_1708596075.pdf,../content/Teacher Tools/CDC Teacher Guides/Grade 6 Teacher Guides/
6S01.02,14,2,TG,pdf,Measurement & unit,नाप र एकाइ,6S_TG_Nepali_Draft_1708596075.pdf,../content/Teacher Tools/CDC Teacher Guides/Grade 6 Teacher Guides/
6S01.03,15,4,TG,pdf,Local & standard units of measurement,नापका स्थानीय र प्रमाणिक एकाइहरू,6S_TG_Nepali_Draft_1708596075.pdf,../content/Teacher Tools/CDC Teacher Guides/Grade 6 Teacher Guides/
6S01.04,18,7,TG,pdf,Multiple & submultiple units,ठुला तथा साना एकाइहरू,6S_TG_Nepali_Draft_1708596075.pdf,../content/Teacher Tools/CDC Teacher Guides/Grade 6 Teacher Guides/
6S02.00,25,1,TG,pdf,Information & Communication Technology,सूचना तथा सञ्चार प्रविधि,6S_TG_Nepali_Draft_1708596075.pdf,../content/Teacher Tools/CDC Teacher Guides/Grade 6 Teacher Guides/
6S02.01,26,7,TG,pdf,Technology,प्रविधि,6S_TG_Nepali_Draft_1708596075.pdf,../content/Teacher Tools/CDC Teacher Guides/Grade 6 Teacher Guides/
6S02.02,32,43,TG,pdf,Use of mobile phone & computer in our daily life,दैनिक जीवनमा मोबाइलफोन र कम्प्युटरको प्रयोग,6S_TG_Nepali_Draft_1708596075.pdf,../content/Teacher Tools/CDC Teacher Guides/Grade 6 Teacher Guides/
6S03.00,75,1,TG,pdf,Organisms & their Structure,जीवहरू र तिनीहरूको बनोट,6S_TG_Nepali_Draft_1708596075.pdf,../content/Teacher Tools/CDC Teacher Guides/Grade 6 Teacher Guides/
6S03.01,76,11,TG,pdf,Adaptation of organisms,जीवहरूको अनुकूलता,6S_TG_Nepali_Draft_1708596075.pdf,../content/Teacher Tools/CDC Teacher Guides/Grade 6 Teacher Guides/
6S03.02,86,5,TG,pdf,Classification of animals on the basis of food,खानाका आधारमा जनावरको वर्गीकरण,6S_TG_Nepali_Draft_1708596075.pdf,../content/Teacher Tools/CDC Teacher Guides/Grade 6 Teacher Guides/
6S03.03,90,5,TG,pdf,Vertebrates,ढाड भएका जनावरहरू,6S_TG_Nepali_Draft_1708596075.pdf,../content/Teacher Tools/CDC Teacher Guides/Grade 6 Teacher Guides/
6S03.04,96,8,TG,pdf,Flowering and non-flowering plants,फूल फुल्ने र फूल नफुल्ने बिरुवाहरू,6S_TG_Nepali_Draft_1708596075.pdf,../content/Teacher Tools/CDC Teacher Guides/Grade 6 Teacher Guides/
6S04.00,104,1,TG,pdf,Biodiversity & Environment,जैविक विविधता र वातावरण,6S_TG_Nepali_Draft_1708596075.pdf,../content/Teacher Tools/CDC Teacher Guides/Grade 6 Teacher Guides/
6S04.01,104,6,TG,pdf,Environment,वातावरण,6S_TG_Nepali_Draft_1708596075.pdf,../content/Teacher Tools/CDC Teacher Guides/Grade 6 Teacher Guides/
6S04.02,109,4,TG,pdf,Environment friendly behavior,वातावरणमैत्री व्यवहार,6S_TG_Nepali_Draft_1708596075.pdf,../content/Teacher Tools/CDC Teacher Guides/Grade 6 Teacher Guides/
6S04.03,112,3,TG,pdf,Ecosystem,पारिस्थितिक प्रणाली,6S_TG_Nepali_Draft_1708596075.pdf,../content/Teacher Tools/CDC Teacher Guides/Grade 6 Teacher Guides/
6S04.04,114,7,TG,pdf,"Interrelationship among plants, animals & microorganisms","बिरुवा, जनावर र सूक्ष्मजीवबिचको अन्तरसम्बन्ध",6S_TG_Nepali_Draft_1708596075.pdf,../content/Teacher Tools/CDC Teacher Guides/Grade 6 Teacher Guides/
6S05.00,121,1,TG,pdf,Life Process,जीवन प्रक्रिया,6S_TG_Nepali_Draft_1708596075.pdf,../content/Teacher Tools/CDC Teacher Guides/Grade 6 Teacher Guides/
6S05.01,121,6,TG,pdf,Modes of nutrition,पोषण प्रक्रिया,6S_TG_Nepali_Draft_1708596075.pdf,../content/Teacher Tools/CDC Teacher Guides/Grade 6 Teacher Guides/
6S05.02,126,9,TG,pdf,Photosynthesis,प्रकाश संश्लेषण प्रक्रिया,6S_TG_Nepali_Draft_1708596075.pdf,../content/Teacher Tools/CDC Teacher Guides/Grade 6 Teacher Guides/
6S06.00,135,1,TG,pdf,Force & Motion,बल र चाल,6S_TG_Nepali_Draft_1708596075.pdf,../content/Teacher Tools/CDC Teacher Guides/Grade 6 Teacher Guides/
6S06.01,136,5,TG,pdf,Motion and its types,चाल र यसका प्रकार,6S_TG_Nepali_Draft_1708596075.pdf,../content/Teacher Tools/CDC Teacher Guides/Grade 6 Teacher Guides/
6S06.02,140,7,TG,pdf,Force,बल,6S_TG_Nepali_Draft_1708596075.pdf,../content/Teacher Tools/CDC Teacher Guides/Grade 6 Teacher Guides/
6S06.03,146,5,TG,pdf,Simple Machine,सरल यन्त्र,6S_TG_Nepali_Draft_1708596075.pdf,../content/Teacher Tools/CDC Teacher Guides/Grade 6 Teacher Guides/
6S07.00,151,2,TG,pdf,Energy in Daily Life,दैनिक जीवनमा शक्ति,6S_TG_Nepali_Draft_1708596075.pdf,../content/Teacher Tools/CDC Teacher Guides/Grade 6 Teacher Guides/
6S07.01,152,10,TG,pdf,Forms of energy,शक्तिका रूपहरू,6S_TG_Nepali_Draft_1708596075.pdf,../content/Teacher Tools/CDC Teacher Guides/Grade 6 Teacher Guides/
6S07.02,161,7,TG,pdf,Heat,ताप,6S_TG_Nepali_Draft_1708596075.pdf,../content/Teacher Tools/CDC Teacher Guides/Grade 6 Teacher Guides/
6S07.03,167,8,TG,pdf,Light,प्रकाश,6S_TG_Nepali_Draft_1708596075.pdf,../content/Teacher Tools/CDC Teacher Guides/Grade 6 Teacher Guides/
6S07.04,174,10,TG,pdf,Sound,ध्वनि,6S_TG_Nepali_Draft_1708596075.pdf,../content/Teacher Tools/CDC Teacher Guides/Grade 6 Teacher Guides/
6S08.00,183,2,TG,pdf,Electricity & Magnetism,विद्युत् र चुम्बकत्व,6S_TG_Nepali_Draft_1708596075.pdf,../content/Teacher Tools/CDC Teacher Guides/Grade 6 Teacher Guides/
6S08.01,184,7,TG,pdf,Electricity & Magnetism,विद्युत् र चुम्बकत्व,6S_TG_Nepali_Draft_1708596075.pdf,../content/Teacher Tools/CDC Teacher Guides/Grade 6 Teacher Guides/
6S08.02,190,8,TG,pdf,Electricity,विद्युत्,6S_TG_Nepali_Draft_1708596075.pdf,../content/Teacher Tools/CDC Teacher Guides/Grade 6 Teacher Guides/
6S09.00,198,1,TG,pdf,Matter,पदाथ,6S_TG_Nepali_Draft_1708596075.pdf,../content/Teacher Tools/CDC Teacher Guides/Grade 6 Teacher Guides/
6S09.01,199,16,TG,pdf,Mixture,मिश्रण,6S_TG_Nepali_Draft_1708596075.pdf,../content/Teacher Tools/CDC Teacher Guides/Grade 6 Teacher Guides/
6S09.02,199,16,TG,pdf,"Solution, colloid and suspension","घोल, कोलोइड र सस्पेन्सन",6S_TG_Nepali_Draft_1708596075.pdf,../content/Teacher Tools/CDC Teacher Guides/Grade 6 Teacher Guides/
6S10.00,215,1,TG,pdf,Materials Used in Daily Life,दैनिक प्रयोगका सामग्रीहरू,6S_TG_Nepali_Draft_1708596075.pdf,../content/Teacher Tools/CDC Teacher Guides/Grade 6 Teacher Guides/
6S10.01,215,10,TG,pdf,Some Useful Chemicals,केही उपयोगी रसायनहरू,6S_TG_Nepali_Draft_1708596075.pdf,../content/Teacher Tools/CDC Teacher Guides/Grade 6 Teacher Guides/
6S10.02,225,0,TG,pdf,An introduction to metals and non-metals,धातु र अधातुको परिचय,6S_TG_Nepali_Draft_1708596075.pdf,../content/Teacher Tools/CDC Teacher Guides/Grade 6 Teacher Guides/
6S11.00,225,0,TG,pdf,The Earth & Space,पृथ्वी र अन्तरिक्ष,6S_TG_Nepali_Draft_1708596075.pdf,../content/Teacher Tools/CDC Teacher Guides/Grade 6 Teacher Guides/
6S11.01,225,6,TG,pdf,Soil,माटो,6S_TG_Nepali_Draft_1708596075.pdf,../content/Teacher Tools/CDC Teacher Guides/Grade 6 Teacher Guides/
6S11.02,230,3,TG,pdf,The Earth,पृथ्वी,6S_TG_Nepali_Draft_1708596075.pdf,../content/Teacher Tools/CDC Teacher Guides/Grade 6 Teacher Guides/
6S11.03,232,4,TG,pdf,Solar System,सौर्यमण्डल,6S_TG_Nepali_Draft_1708596075.pdf,../content/Teacher Tools/CDC Teacher Guides/Grade 6 Teacher Guides/