1EN01,Language,English,Contexts,Greeting
1EN02,Language,English,Grammar,Alphabet
1EN03,Language,English,Contexts,Requests & Commands
1EN04,Language,English,Contexts,Questions & Answers
1EN05,Language,English,Contexts,Quantities
1EN06,Language,English,Contexts,Locations
1EN07,Language,English,Contexts,Colors
1EN08,Language,English,Contexts,Activities
1EN09,Language,English,Contexts,Time & Date
1EN10,Language,English,Contexts,Possessions
2EN01,Language,English,Contexts,Greeting
2EN02,Language,English,Contexts,Identity
2EN03,Mathematics,Numbers,Natural,
2EN04,Language,English,Contexts,
2EN05,Language,English,Contexts,Possessions
2EN06,Language,English,Contexts,Activities
2EN07,Language,English,Contexts,Locations
2EN08,Language,English,Contexts,Comparing
2EN09,Language,English,Contexts,People
2EN10,Language,English,Contexts,Time & Date
2EN11,Language,English,Grammar,Past
2EN12,Language,English,Grammar,Past
3EN01,Language,English,Contexts,Time & Date
3EN02,Language,English,Contexts,Preferences
3EN03,Language,English,Contexts,Locations
3EN04,Language,English,Contexts,Questions & Answers
3EN05,Language,English,Contexts,Ability
3EN06,Language,English,Grammar,Vocabulary
3EN07,Language,English,Contexts,Conversation
3EN08,Language,English,Contexts,Conversation
3EN09,Language,English,Contexts,Questions & Answers
3EN10,Language,English,Contexts,Questions & Answers
3EN11,Language,,,
3EN12,Language,,,
4EN01,Language,English,Contexts,Caution
4EN02,Language,English,Contexts,Time & Date
4EN03,Language,English,Grammar,Vocabulary
4EN04,Language,English,Grammar,Vocabulary
4EN05,Language,English,Grammar,Vocabulary
4EN06,Language,English,Grammar,Vocabulary
4EN07,Language,English,Contexts,Caution
4EN08,Language,English,Grammar,Vocabulary
4EN09,Language,English,Contexts,Comparing
4EN10,Language,English,Contexts,Time & Date
4EN11,Language,English,Grammar,Adjectives
4EN12,Language,,,
5EN01,Language,English,Contexts,Wants
5EN02,Language,English,Contexts,Reasons
5EN03,Language,English,Contexts,Locations
5EN04,Language,English,Grammar,Future
5EN05,Language,English,Contexts,People
5EN06,Language,English,Contexts,Time & Date
5EN07,Language,English,Contexts,Quantities
5EN08,Language,English,Contexts,Possessions
5EN09,Language,English,Contexts,Checking
5EN10,Language,English,Contexts,Time & Date
5EN11,Language,English,Contexts,Narration
5EN12,Language,English,Contexts,Narration
5EN13,Social Studies,Arts,Drama,Playacting
6EN01,Language,English,Contexts,Review
6EN02,Language,English,Contexts,Review
6EN03,Language,English,Grammar,Vocabulary
6EN04,Language,English,Contexts,Conversation
6EN05,Language,English,Contexts,Activities
6EN06,Language,English,Contexts,Quantities
6EN07,Language,English,Grammar,Present
6EN08,Language,English,Contexts,Requests & Commands
6EN09,Language,English,Contexts,Conversation
6EN10,Language,English,Grammar,Past
6EN11,Language,English,Grammar,Past
6EN12,Language,English,Contexts,Preferences
6EN13,Language,English,Contexts,Comparing
6EN14,Language,English,Contexts,Describing
6EN15,Language,English,Grammar,Future
6EN16,Language,English,Contexts,Review
6EN17,Language,English,Contexts,Reasons
6EN18,Language,English,Grammar,Past
6EN19,Language,English,Contexts,Requests & Commands
6EN20,Language,English,Grammar,Perfect
6EN21,Language,English,Contexts,Suggestions
6EN22,Language,English,Contexts,Describing
6EN23,Language,English,Grammar,Vocabulary
6EN24,Language,,,
6EN25,Language,,,
7EN01,Language,English,Contexts,Review
7EN02,Language,English,Contexts,Requests & Commands
7EN03,Language,English,Contexts,Questions & Answers
7EN04,Language,English,Contexts,Describing
7EN05,Language,English,Contexts,Questions & Answers
7EN06,Language,English,Contexts,Requests & Commands
7EN07,Language,English,Contexts,Wants
7EN08,Language,English,Grammar,Vocabulary
7EN09,Language,English,Contexts,Requests & Commands
7EN10,Language,English,Contexts,Activities
7EN11,Language,English,Contexts,Wants
7EN12,Language,English,Contexts,Narration
7EN13,Language,English,Contexts,Time & Date
7EN14,Language,English,Contexts,Questions & Answers
7EN15,Language,English,Contexts,Possessions
7EN16,Language,English,Contexts,Past
7EN17,Language,English,Contexts,Describing
7EN18,Language,English,Contexts,Future
7EN19,Language,English,Contexts,Future
7EN20,Language,English,Contexts,Narration
7EN21,Language,English,Contexts,Conversation
8EN01,Language,English,Contexts,Questions & Answers
8EN02,Language,English,Contexts,Review
8EN03,Language,English,Contexts,Conversation
8EN04,Language,English,Grammar,Vocabulary
8EN05,Language,English,Contexts,Conversation
8EN06,Language,English,Contexts,Narration
8EN07,Language,English,Grammar,Verbs
8EN08,Language,English,Grammar,Tenses
8EN09,Language,English,Grammar,Review
8EN10,Language,English,Contexts,Narration
8EN11,Language,English,Grammar,Review
8EN12,Language,English,Contexts,Conversation
8EN13,Language,English,Grammar,Pronouns
8EN14,Language,English,Grammar,Tenses
8EN15,Language,English,Grammar,Tenses
8EN16,Language,English,Grammar,Tenses
8EN17,Language,English,Grammar,Tenses
8EN18,Language,English,Contexts,Narration
8EN19,Language,English,Contexts,Narration
8EN20,Language,English,Contexts,Narration