nepknc01,Grammar,Alphabet
nepntc01,Grammar,Alphabet
nepddc01,Grammar,Alphabet
nepnrc01,Grammar,Alphabet
nepsgc01,Grammar,Alphabet
nepygc01,Grammar,Alphabet
nepsgy01,Grammar,Alphabet
nepmga01,Contexts,Describing
nepaar01,Grammar,Alphabet
nepppg01,Grammar,
neptat01,Poetry,
nepuum01,Contexts,Opposite
nepbpd01,Contexts,Conversation
nepskg01,Contexts,Describing
nepmka01,Contexts,Describing
nepkur01,Contexts,Conversation
nepeka01,Grammar,Singular Plural
nepnaj01,Poetry,
neparp01,Grammar,Sentence
nepsrm01,Contexts,Apologizing
neppre01,Grammar,Gender
nepgrp01,Poetry,
nepkra01,Grammar,Adjectives
nepghm01,Contexts,Describing
nepddr01,Short Story,
nepjnb01,Short Story,
nepagy01,Contexts,Instructing
nepppr01,Short Story,
nepgad01,Poetry,
nepmmp01,Contexts,Describing
nepaks01,Poetry,
nephhb01,Contexts,Describing
nephup01,Poetry,
neprbb01,Contexts,Describing
nepkht01,Poetry,
nepass01,Short Story,
nepgmc01,Poetry,
nepght01,Contexts,Describing
nepgkk01,Short Story,
nepkku01,Short Story,
nepeyb01,Grammar,Singular Plural
neppre01,Grammar,Gender
neppap01,Poetry,
neppad01,Contexts,Reading
nepbay01,Grammar,Homonyms
nepgjt01,Contexts,Conversation
neppun01,Grammar,Punctuation
nepltr01,Contexts,Writing
nepchs01,Short Story,
nepprv01,Contexts,Time and Date
nepjkt01,Contexts,Describing

