dn.string()	ft.string()	ch_id.0.string()	ch_id.1.string()	ch_id.2.string()	ch_id.3.string()	ch_id.4.string()	ch_id.5.string()	ch_id.6.string()	cl_lo.int32()	ch_hi.int32()	key1.string()	key2.string()	key3.string()	key4.string()											
Anita and Biru Conversation Audio	audio	5EN01							5	9															
Ask and Answer Months and Days	audio	5EN04							5	9															
4M04.04 Unit Price	game	4M08							4	6	Mathematics	Measurement	Currency												
(4M05.03) Distance	game	4M09							4	7	Mathematics	Measurement	Length												
Distance in Metric	game	4M09							4	10	Mathematics	Measurement	Length												
Continent Map Game	game	5EN07							5	8	Social Studies	Geography	Other Geography												
Religious Tradition and Festival	game	4SS02.05							4	10	Social Studies	Community	Everyday Life	Celebrations											
Ruler	gif	4M09							3	5															
Where Animals Live	gif	4SS07.02							2	6															
Area Builder	html	4M12							4	7	Mathematics	Geometry	Other Geometry												
Area Model Algebra	html	4M12							2	5	Mathematics	Algebra	Other Algebra												
Area Model Introduction	html	4M12							1	5															
Rocket	image	4S01							3	10															
Batteries	image	4S07							4	8															
square	image	4M02							3	7	Mathematics	Geometry	Shapes	Square											
triangle	image	4M02							3	7	Mathematics	Geometry	Shapes	Triangle											
ruler	image	4M09							3	7	Mathematics	Measurement	Length												
bottle	image	4M10							2	8	Mathematics	Measurement	Capacity												
bill	image	4M13							2	6	Social Studies	Community	Everyday Life	Budget											
Map of Antarctica	image	5EN07							5	8															
Antarctica Base	image	5EN07							5	8															
Painting from Shah Dynasty	image	5EN16							5	8															
peace	image	4SS02.02							4	8	Social Studies	Community	Peace												
ChristmasTree	image	4SS02.05	4N06						3	7															
Nepalese policeman	image	4SS03.07							4	8															
police station	image	4SS03.07							4	8	Social Studies	Community	Social Organization	Other Social Organization											
alcohol	image	4SS04.03							4	8	Social Studies	Issues	Other Issues												
Mushrooms	image	4SS06.03	4NO8						3	8															
"Goats, Mountains, Clouds"	image	4SS06.03							2	8															
bank	image	4SS06.04							3	6	Social Studies	Community	Everyday Life	Budget											
Vegetable Cart	image	4SS07.02							2	8															
battery	jpg	4S07							4	10	Science	Technology	Electrical	Batteries											
rectangle	jpg	4M02							3	7	Mathematics	Geometry	Shapes	Rectangle											
Shopkeeper and Customer Text	jpg	5EN04							5	9															
Old Nepal 00004	jpg	4SS01.02							4	7	Social Studies	Community	Social Organization	Mutual Help											
tractor	jpg	4SS01.02							4	8	Social Studies	Economy	Other Economy												
Cow Tihar Festival	jpg	4SS01.03	4N06						4	8	Social Studies	Community	Everyday Life	Celebrations											
Old Nepal 00239	jpg	4SS02.01							4	8	Social Studies	Economy	Agriculture												
Old Nepal 00258	jpg	4SS02.01							4	8	Social Studies	Community	Education												
Old Nepal 00253	jpg	4SS02.01							4	8	Social Studies	Community	Other Economy	Local Products											
Live In Peace And Serve Others	jpg	4SS02.02							4	12															
Active Learning - cooperative brainstorming	jpg	4SS02.03							3	8	Social Studies	Community	Education	Other Education											
Buddhist statue	jpg	4SS02.07							4	8	Social Studies	Community	Everyday Life	Religious Sites											
Gender equality	jpg	4SS04.01							4	12															
Diversity	jpg	4SS04.01							4	10															
Red Cross Bread Line	jpg	4SS04.04							4	9															
Family	jpg	4SS05.01							3	7															
Old Nepal 00024	jpg	4SS05.01							4	8	Social Studies	History	Nepal												
Old Nepal 00048	jpg	4SS05.01							4	8	Social Studies	History	Nepal												
Old Nepal 00069	jpg	4SS05.01							4	8	Social Studies	Economy	Agriculture												
Old Nepal 00148	jpg	4SS05.01							4	8	Social Studies	History	Nepal												
Old Nepal 00040	jpg	4SS05.01							4	8	Social Studies	Community	People												
Asian Village	jpg	4SS05.03							4	8	Social Studies	Geography	Landforms												
Old Nepal 00062	jpg	4SS05.03	4SS06.02	4NO8					4	8	Social Studies	Economy	Agriculture	Farming											
Old Nepal 00244	jpg	4SS05.03							4	8	Social Studies	History	Nepal												
Old Nepal 00235	jpg	4SS05.03							4	8	Social Studies	Community	Everyday Life	Recreation											
Old Nepal 00209	jpg	4SS05.03							4	8	Social Studies	Geography	Landforms												
Old Nepal 00207	jpg	4SS05.03							4	8	Social Studies	Community	Everyday Life	Recreation											
Old Nepal 00171	jpg	4SS05.03							4	8	Social Studies	Arts	Musical Instruments	Other Musical Instruments											
Old Nepal 00038	jpg	4SS05.03							4	8	Social Studies	Community	People												
Old Nepal 00068	jpg	4SS05.03	4NO8						4	8	Social Studies	Economy	Agriculture	Fishing											
Old Nepal 00194	jpg	4SS05.03							4	8	Social Studies	Transportation	Other Transportation												
Old Nepal 00133	jpg	4SS05.03							4	8	Social Studies	Economy	Agriculture												
Old Nepal 00128	jpg	4SS05.03							4	8	Social Studies	Community	People												
Licchavi Age Standing Buddha	jpg	4SS05.04							4	8	Social Studies	History	People												
Old Nepal 00003	jpg	4SS06.01							4	8	Social Studies	Economy	Agriculture												
Old Nepal 00172	jpg	4SS06.01	4NO8						4	8	Social Studies	Economy	Agriculture												
Old Nepal 00161	jpg	4SS06.01	4NO8						4	8	Social Studies	Economy	Occupations	Other Occupations											
Old Nepal 00141	jpg	4SS06.01	4NO8						4	8	Social Studies	Economy	Occupations	Other Occupations											
Old Nepal 00012	jpg	4SS06.01							4	8	Social Studies	Economy	Occupations	Other Occupations											
Stone worker and tools	jpg	4SS06.01							4	8	Social Studies	Arts	Visual Art	Sculptor											
Fresh Vegatables for Market	jpg	4SS06.02	4NO8	4SS06.05					4	8	Social Studies	Economy	Other Economy	Local products											
topi	jpg	4SS06.02							4	8	Social Studies	Economy	Other Economy	Local products											
Old Nepal 00221	jpg	4SS06.02							4	8	Social Studies	Economy	Other Economy	Local products											
Old Nepal 00125	jpg	4SS06.02							4	8	Social Studies	Economy	Other Economy	Local products											
Old Nepal 00066	jpg	4SS06.02							4	8	Social Studies	Economy	Other Economy	Local products											
hen	jpg	4SS06.03							4	8	Social Studies	Economy	Agriculture	Poultry Production											
Old Nepal 00236	jpg	4SS06.03							4	8	Social Studies	Economy	Agriculture	Farming											
Old Nepal 00174	jpg	4SS06.03							4	8	Social Studies	Economy	Agriculture	Farming											
Kathmandu food vendors	jpg	4SS06.03							4	8	Social Studies	Economy	Business	Market											
Respect All Life	jpg	4SS06.04							3	12															
respect	jpg	4SS06.04							3	8	Social Studies	Community	Psychology	Respect											
Nepal Vegetable Market	jpg	4SS06.05							3	7															
California Vegetable Market	jpg	4SS06.05							3	7															
Old Nepal 00047	jpg	4SS06.05							3	8	Social Studies	Economy	Business	Market											
Old Nepal 00109	jpg	4SS06.05							3	8	Social Studies	Economy	Business	Market											
Old Nepal 00251	jpg	4SS06.05							3	8	Social Studies	Economy	Business	Market											
Kathmandu street market	jpg	4SS06.05							3	8	Social Studies	Economy	Business	Market											
South America Forest	jpg	4SS07.02							4	8	Science	Biology	Plants												
riverside	jpg	4SS07.02							4	8	Science	Earth	Oceans & Water	River											
Firewood	jpg	4SS07.02							2	8															
Creek Flooding	jpg	4SS07.03							4	10															
Mexico Landslide	jpg	4SS07.03							4	8															
Destroyed building after earthquake	jpg	4SS07.03							4	8	Science	Earth	Natural Disasters	Earthquakes											
Kathmandu Valley	jpg	4SS07.04							4	8	Social Studies	Geography	Maps												
Kathmandu street map	map	4SS07.04	4SS07.06						4	10	Social Studies	Geography	Maps												
Nepal Map	map	4SS07.04	4SS07.06						4	12															
Pokhara street map	map	4SS07.06							4	10	Social Studies	Geography	Maps												
Newton's 3 Laws	mp4	4S01							4	10															
Electricity in Far Away Parts of Nepal	mp4	4S07	4SS05.03						4	9	Science	Physics	Electricity & Electronics	Electricity											
A Guide To The Energy Of The Earth	mp4	4S07							4	10															
America's Energy Sources	mp4	4S07							4	9	Science	Technology	Energy Sources												
Magnets and Marbles	mp4	4S07							4	8															
Mirembe Solar Energy Dreamer video	mp4	4S07							4	10															
Shapes Video	mp4	4M02							3	7															
Intro to Perimeter	mp4	4M02							4	8															
Perimeter 2	mp4	4M02							4	8															
Angle Basics	mp4	4M02							4	8															
Acute Right Obtuse Angle	mp4	4M02							4	8															
Place Value 1	mp4	4M04							4	8															
Place Value 3	mp4	4M04							4	8															
What Is Place Value?	mp4	4M04							4	8															
Intro To Place Value	mp4	4M04							4	8															
Place Value	mp4	4M04							4	8															
Rounding Whole Numbers	mp4	4M04							4	8															
Telling Time 1	mp4	4M07							3	7															
Telling Time	mp4	4M07							3	7															
Tell The Time A	mp4	4M07							3	6															
Tell The Time B	mp4	4M07							3	6															
Converting Currency	mp4	4M08							4	6															
Unit conversion in metric system	mp4	4M09							4	8															
Metric Length	mp4	4M09							4	10															
Area and Perimeter	mp4	4M12							4	7															
Intro To Perimeter	mp4	4M12							4	7															
Perimeter and Area Basics	mp4	4M12							4	7															
Read Bar Graphs	mp4	4M14							4	6															
Action Verbs	mp4	5EN01							4	7															
In Inside Into Within	mp4	5EN01							1	5															
Animals Teach Prepositions	mp4	5EN01							2	5															
Past Tense	mp4	5EN04							2	5															
Happiness Is Helping Others	mp4	5EN04							1	8															
The prepositions song	mp4	5EN08							3	6															
What Clouds Are Made Of	mp4	5EN08							4	7															
Cloud Formation	mp4	5EN08							4	8															
Past Tense	mp4	5EN11	5EN12						2	5															
English Has How Many Verb Tenses	mp4	5EN11							5	8															
Past Tense	mp4	5EN12							2	5															
English Has How Many Verb Tenses	mp4	5EN11	5EN13	5EN17					5	8															
Professions	mp4	5EN13							2	5															
Basic Locomotion Movement for Sports	mp4	5EN15							5	9															
Adverbs for Comparison	mp4	5EN16							4	9															
"About Me, My Friends, and My Family"	mp4	5EN16							4	9															
English Has How Many Verb Tenses	mp4	5EN17							5	8															
Collaboration vs. Cooperation	mp4	4SS01.01							4	9															
Happiness Is Helping Others	mp4	4SS01.02	4SS01.03	4SS02.03	4SS03.02	4SS05.02	4SS06.04	5EN04	1	8															
Maiti Nepal Helps Save Trafficked Girls	mp4	4SS01.02	4SS04.02	4SS04.03	4SS04.04	4SS05.02			4	9	Social Studies	Issues	Human Rights	Girls and Women											
Ring in the Holidays	mp4	4SS01.05							4	10															
A Brave Mom	mp4	4SS02.01							4	8															
Work Together as a Team	mp4	4SS02.03							4	9															
Bhanubhakta Acharya Biography	mp4	4SS02.07	4SS05.04						4	8															
"Laws, Rights, and Responsibilities"	mp4	4SS03.02							4	8	Social Studies	Issues	Human Rights												
Universal Human Rights	mp4	4SS03.02							4	8	Social Studies	Issues	Human Rights												
Eliminate Child Marriage	mp4	4SS04.02							4	10	Social Studies	Issues	Human Rights												
End Child Marriage and Dowry	mp4	4SS04.02	4SS04.03						4	10	Social Studies	Issues	Other Issues												
Girl Who Challenged a Social Evil	mp4	4SS04.02							4	10	Social Studies	Issues	Other Issues												
Women Have Fewer Rights	mp4	4SS04.03							4	10	Social Studies	Issues	Human Rights	Girls and Women											
My Family	mp4	4SS05.01							1	5															
Electricity in Far Away Parts of Nepal	mp4	4SS05.03							4	9	Science	Physics	Electricity & Electronics	Electricity											
Earth	mp4	4SS07.02							4	12															
Firestorm	mp4	4SS07.03							4	8															
Intro To Hurricanes	mp4	4SS07.03							4	10															
Intro To Tornadoes	mp4	4SS07.03							4	10															
Intro To Earthquakes	mp4	4SS07.03							4	10															
Safe Desk for Earthquake	mp4	4SS07.03							4	8															
Ancient Kathmandu Photos 1	mp4	4SS07.04							4	10	Social Studies	History	Ancient												
Geometric Shapes	pdf	4M02							4	8															
The Khutrukke Money Bank	pdf	4M08							3	5															
Expressions of thanking	pdf	5EN05							3	6	Language	English	Contexts	Thanking and Congratulating											
Past Tense Survey	pdf	5EN11							4	6															
Past Tense Puzzle	pdf	5EN11							4	6															
Public Painting	pdf	5EN16							4	8															
7 Women Made History in Nepal	pdf	4SS02.01							4	10															
Causes and Solutions of Social Problems	pdf	4SS04.02	4SS04.03						4	10	Social Studies	Issues	Other Issues												
Finding Solutions for Social Problems	pdf	4SS04.02	4SS04.03						4	10	Social Studies	Issues	Solutions												
The Khutrukke Money Bank	pdf	4SS06.04							3	5															
Measurement Instruments	png	4S01							4	8															
Money 1	png	4M08							2	5															
Money 2	png	4M08							2	5															
Money 3	png	4M08							2	5															
Capacity 1	png	4M10							3	6															
Capacity 2	png	4M10							3	6															
Capacity 3	png	4M10							3	6															
Histogram of Test Scores	png	4M14							4	12															
How Clouds Are Made	png	5EN08							4	7															
Eid in India	png	4SS02.05	4N06						4	8															
Bagmati districts map	png	4SS07.04	4SS07.06						4	8	Social Studies	Geography	Maps												
Koshi districts map	png	4SS07.04	4SS07.06						4	8	Social Studies	Geography	Maps												
What Makes Something Useful as Money	video	4M08							2	5															
Safety In The House	video	4SS03.01							4	5															
Rights For Every Child UNICEF	video	4SS03.02							4	8															
