dn.string()	ft.string()	ch_id.0.string()	ch_id.1.string()	nch_id.0.string()	nch_id.1.string()	ch_lo.int32()	ch_hi.int32()	key1.string()	key2.string()	key3.string()	key4.string()	src.string()
5 minute yoga	mp4	8H09		8H09		5	10	Social Studies	Community	Sports	Yoga	
About Printmaking	mp4	8H11		8H11		6	10	Social Studies	Arts	Visual Art	Printing	
Basketball workout	mp4	8H08		8H08		4	10	Social Studies	Community	Sports	Basketball	
Bungee	jpg	8H07		8H07		5	10	Social Studies	Community	Sports	Other Sports	
Create a Collage	mp4	8H11		8H11		5	10	Social Studies	Arts	Visual Art	Collage	
Exocrine pancreas	mp4	8H01		8H01		7	10	Science	Medicine	Human Body	Holistic	khan
Football	mp4	8H08	4N05	8H08	4N05	4	10	Social Studies	Community	Sports	Football	
Great glands - Your endocrine system	mp4	8H01		8H01		7	10	Science	Medicine	Human Body	Holistic	khan
Health Beat	mp4	8H06		8H06		2	8	Social Studies	Community	Sports	Exercise	
How do drugs affect the brain?	mp4	8H02		8H02		7	10	Science	Medicine	Healthy Living		TED
How do your hormones work?	mp4	8H01		8H01		7	10	Science	Medicine	Human Body	Holistic	TED
How to maintain hygiene during periods?	mp4	8H05		8H05		6	10	Science	Medicine	Human Body	Holistic	
How to Play Cricket?	mp4	8H08		8H08		4	10	Social Studies	Community	Sports	Cricket	
Intro to the endocrine system	mp4	8H01		8H01		7	10	Science	Medicine	Human Body	Holistic	khan
Kabbadi	jpg	8H08	4N05	8H08	4N05	4	10	Social Studies	Community	Sports	Other Sports	
Kho Kho game	mp4	8H08	4N05	8H08	4N05	4	10	Social Studies	Community	Sports	Other Sports	
Natural methods of contraception	mp4	8H05		8H05		8	12	Science	Medicine	Specialities	Family Planning	khan
Parachute	jpg	8H07		8H07		5	10	Social Studies	Community	Sports	Other Sports	
Paragliding	jpg	8H07		8H07		5	10	Social Studies	Community	Sports	Other Sports	
Passing a Basketball	mp4	8H08		8H08		4	10	Social Studies	Community	Sports	Basketball	
Reproductive system physiology	mp4	8H01		8H01		8	10	Science	Medicine	Human Body	Holistic	khan
Reproductive system physiology	mp4	8H05		8H05		8	10	Science	Medicine	Human Body	Holistic	khan
Shotput	jpg	8H07		8H07		5	10	Social Studies	Community	Sports	Other Sports	
Simple Mini House With Cardboard	mp4	8H11		8H11		5	8	Social Studies	Arts	Visual Art		
Social Determinants of Health	mp4	8H02		8H02		7	10	Social Studies	Community	Social Organization	Health Care	
Structure of the nervous system	mp4	8H01		8H01		6	10	Science	Medicine	Human Body	Holistic	khan
Talking Mental Health	mp4	8H02		8H02		6	10	Science	Medicine	Healthy Living		
The most common STI in the world	mp4	8H04		8H04		7	12	Science	Medicine	Disease & Injury		TED
Volleyball	jpg	8H08	4N05	8H08	4N05	4	10	Social Studies	Community	Sports	Volleyball	
What causes addiction?	mp4	8H02		8H02		6	10	Science	Medicine	Disease & Injury	Alcohol & Drugs	TED
What is A Balanced Diet?	mp4	8H03		8H03		5	10	Science	Medicine	Healthy Living	Nutrition	
What is depression?	mp4	8H02		8H02		7	10	Science	Medicine	Healthy Living		TED
What Is Diabetes?	mp4	8H04		8H04		7	10	Science	Medicine	Disease & Injury	Diabetes	
What is food security?	mp4	8H03		8H03		7	10	Social Studies	Community	Everyday Life	Food	
What is Malnutrition?	mp4	8H03		8H03		7	10	Science	Medicine	Healthy Living	Nutrition	
What is stress?	mp4	8H02		8H02		7	10	Science	Medicine	Human Body		khan
What yoga does to your body and brain	mp4	8H09		8H09		5	10	Social Studies	Community	Sports	Yoga	TED
Yoga 1	jpg	8H09		8H09		5	10	Social Studies	Community	Sports	Yoga	
Yoga 2	jpg	8H09		8H09		5	10	Social Studies	Community	Sports	Yoga	